QC,SITE_ID,CDBS_ID,STATE,SITE_NAME,ELEV_M,OCT,NOV,DEC,JAN,FEB,MAR,APR,MAY,JUN,JUL,AUG,SEP,TOTAL
,308,11R06S,AZ,"BAKER BUTTE",2225.04,50.8,63.5,93.98,99.06,93.98,91.44,45.72,33.02,12.7,66.04,86.36,63.5,800.1
,310,09S01S,AZ,BALDY,2781.3,55.88,55.88,63.5,60.96,63.5,66.04,40.64,27.94,33.02,93.98,99.06,60.96,721.36
,902,09S06S,AZ,"BEAVER HEAD",2435.352,71.12,60.96,63.5,60.96,55.88,43.18,27.94,30.48,30.48,71.12,91.44,71.12,678.18
,416,09S07S,AZ,"CORONADO TRAIL",2560.32,48.26,48.26,60.96,60.96,63.5,60.96,33.02,22.86,22.86,96.52,91.44,63.5,673.1
,488,11P13S,AZ,FRY,2194.56,50.8,58.42,66.04,81.28,83.82,81.28,50.8,27.94,15.24,55.88,63.5,53.34,688.34
,511,09S11S,AZ,"HANNAGAN MEADOWS",2749.296,68.58,66.04,86.36,91.44,93.98,86.36,40.64,22.86,25.4,96.52,106.68,78.74,863.6
,969,11R05S,AZ,"HAPPY JACK",2325.624,48.26,53.34,73.66,71.12,73.66,83.82,40.64,22.86,10.16,71.12,78.74,58.42,685.8
,519,10R04S,AZ,HEBER,2328.672,53.34,60.96,78.74,91.44,96.52,88.9,43.18,17.78,15.24,68.58,88.9,58.42,762
,617,09S02S,AZ,"MAVERICK FORK",2804.16,58.42,63.5,71.12,71.12,66.04,63.5,38.1,25.4,22.86,81.28,104.14,66.04,731.52
,640,11R03S,AZ,"MORMON MOUNTAIN",2286,53.34,63.5,73.66,86.36,91.44,88.9,58.42,25.4,15.24,50.8,55.88,55.88,718.82
,705,11R10S,AZ,PROMONTORY,2417.064,60.96,83.82,109.22,121.92,119.38,109.22,53.34,25.4,12.7,71.12,88.9,66.04,922.02
,927,11P08S,AZ,"SNOWSLIDE CANYON",2965.704,81.28,106.68,187.96,154.94,213.36,121.92,86.36,45.72,27.94,73.66,106.68,73.66,1280.16
,861,12P02S,AZ,"WHITE HORSE LAKE",2188.464,45.72,55.88,76.2,93.98,99.06,86.36,40.64,22.86,15.24,48.26,68.58,48.26,701.04
,866,09S18S,AZ,WILDCAT,2392.68,53.34,55.88,66.04,71.12,63.5,60.96,33.02,22.86,27.94,99.06,91.44,68.58,713.74
,877,10S01S,AZ,"WORKMAN CREEK",2103.12,60.96,78.74,109.22,127,124.46,116.84,43.18,17.78,10.16,63.5,93.98,60.96,906.78
,301,20H13S,CA,"ADIN MTN",1889.76,48.26,91.44,96.52,99.06,106.68,109.22,78.74,76.2,38.1,27.94,15.24,30.48,817.88
,356,19L05S,CA,"BLUE LAKES",2438.4,66.04,157.48,182.88,205.74,182.88,152.4,101.6,50.8,25.4,15.24,20.32,43.18,1203.96
,391,20H06S,CA,"CEDAR PASS",2164.08,55.88,106.68,111.76,104.14,111.76,119.38,101.6,88.9,40.64,15.24,17.78,30.48,904.24
,428,20K31S,CA,"CSS LAB",2103.12,104.14,233.68,292.1,332.74,292.1,243.84,152.4,81.28,27.94,17.78,20.32,48.26,1846.58
,446,20H12S,CA,"DISMAL SWAMP",2133.6,76.2,162.56,175.26,172.72,160.02,167.64,121.92,91.44,48.26,20.32,22.86,43.18,1262.38
,462,19L19S,CA,"EBBETTS PASS",2651.76,71.12,180.34,231.14,228.6,223.52,185.42,116.84,68.58,33.02,20.32,25.4,38.1,1422.4
,463,20L06S,CA,"ECHO PEAK",2377.44,88.9,231.14,276.86,256.54,256.54,195.58,101.6,58.42,25.4,17.78,20.32,38.1,1567.18
,473,20L10S,CA,"FALLEN LEAF",1920.24,45.72,101.6,134.62,142.24,121.92,93.98,48.26,27.94,15.24,10.16,10.16,20.32,772.16
,508,19L03S,CA,"HAGAN'S MEADOW",2438.4,40.64,93.98,116.84,119.38,119.38,101.6,58.42,40.64,22.86,17.78,15.24,17.78,764.54
,518,19L24S,CA,"HEAVENLY VALLEY",2697.48,45.72,99.06,119.38,121.92,132.08,111.76,71.12,50.8,25.4,17.78,17.78,22.86,835.66
,539,20K04S,CA,"INDEPENDENCE CAMP",2133.6,50.8,111.76,132.08,154.94,149.86,129.54,66.04,45.72,20.32,12.7,20.32,25.4,919.48
,540,20K03S,CA,"INDEPENDENCE CREEK",1981.2,48.26,114.3,129.54,149.86,152.4,116.84,58.42,35.56,15.24,15.24,15.24,25.4,876.3
,541,20K05S,CA,"INDEPENDENCE LAKE",2575.56,60.96,144.78,172.72,167.64,185.42,167.64,76.2,48.26,22.86,17.78,22.86,27.94,1115.06
,574,19L38S,CA,"LEAVITT LAKE",2865.12,76.2,190.5,226.06,238.76,248.92,233.68,109.22,58.42,22.86,35.56,15.24,38.1,1493.52
,575,19L08S,CA,"LEAVITT MEADOWS",2194.56,48.26,106.68,121.92,134.62,144.78,104.14,48.26,35.56,17.78,30.48,20.32,27.94,840.74
,587,19L17S,CA,"LOBDELL LAKE",2804.16,35.56,71.12,81.28,91.44,104.14,88.9,53.34,38.1,17.78,17.78,22.86,27.94,650.24
,633,19L40S,CA,"MONITOR PASS",2545.08,33.02,68.58,88.9,88.9,101.6,88.9,40.64,27.94,17.78,10.16,17.78,30.48,614.68
,697,19L06S,CA,"POISON FLAT",2407.92,43.18,104.14,127,134.62,142.24,114.3,68.58,45.72,22.86,17.78,20.32,27.94,868.68
,724,20L02S,CA,"RUBICON #2",2286,55.88,149.86,182.88,185.42,193.04,157.48,88.9,48.26,27.94,10.16,17.78,35.56,1153.16
,771,19L07S,CA,"SONORA PASS",2682.24,50.8,121.92,152.4,157.48,154.94,137.16,71.12,45.72,17.78,25.4,22.86,35.56,993.14
,778,19L39S,CA,"SPRATT CREEK",1889.76,50.8,101.6,111.76,124.46,127,99.06,55.88,35.56,17.78,17.78,22.86,25.4,789.94
,784,20K30S,CA,"SQUAW VALLEY G.C.",2499.36,91.44,238.76,287.02,271.78,266.7,228.6,137.16,76.2,33.02,17.78,20.32,48.26,1717.04
,809,20K27S,CA,"TAHOE CITY CROSS",2057.4,48.26,121.92,147.32,177.8,154.94,121.92,63.5,40.64,22.86,10.16,12.7,22.86,944.88
,834,20K13S,CA,"TRUCKEE #2",1950.72,48.26,116.84,137.16,152.4,152.4,127,63.5,33.02,15.24,5.08,15.24,22.86,889
,846,19L13S,CA,"VIRGINIA LAKES RIDGE",2804.16,33.02,83.82,96.52,114.3,124.46,96.52,48.26,33.02,12.7,17.78,17.78,25.4,703.58
,848,20K25S,CA,"WARD CREEK #3",2057.4,96.52,266.7,302.26,302.26,299.72,241.3,132.08,73.66,30.48,7.62,12.7,43.18,1808.48
1,,,CA,"BRIDGEPORT R.S.",0,8.636,28.956,29.21,39.37,38.354,24.638,11.938,14.986,17.272,12.192,13.462,15.748,254.762
,303,05M07S,CO,APISHAPA,3048,45.72,55.88,45.72,35.56,50.8,71.12,76.2,66.04,38.1,81.28,88.9,48.26,703.58
,1030,06J08S,CO,"ARAPAHO RIDGE",3340.608,66.04,106.68,137.16,137.16,114.3,121.92,101.6,83.82,38.1,40.64,35.56,40.64,1023.62
,305,05K06S,CO,ARROW,2950.464,43.18,55.88,63.5,60.96,63.5,76.2,86.36,78.74,38.1,43.18,48.26,35.56,693.42
,322,05J39S,CO,"BEAR LAKE",2895.6,63.5,81.28,81.28,81.28,86.36,101.6,106.68,93.98,55.88,53.34,55.88,50.8,911.86
,327,07M32S,CO,BEARTOWN,3535.68,106.68,114.3,101.6,93.98,88.9,93.98,88.9,76.2,45.72,66.04,86.36,93.98,1056.64
,1041,06K45S,CO,"BEAVER CK VILLAGE",2590.8,45.72,55.88,68.58,63.5,63.5,76.2,76.2,55.88,25.4,27.94,30.48,27.94,617.22
,335,05K14S,CO,"BERTHOUD SUMMIT",3444.24,68.58,88.9,93.98,104.14,96.52,111.76,124.46,109.22,58.42,55.88,68.58,53.34,1033.78
,345,07K12S,CO,"BISON LAKE",3316.224,81.28,124.46,154.94,127,119.38,132.08,121.92,101.6,48.26,40.64,55.88,58.42,1165.86
,369,06K40S,CO,BRUMLEY,3230.88,45.72,55.88,53.34,55.88,58.42,68.58,73.66,63.5,45.72,50.8,53.34,40.64,665.48
,938,06K16S,CO,"BUCKSKIN JOE",3398.52,53.34,63.5,68.58,73.66,63.5,86.36,99.06,68.58,40.64,60.96,76.2,48.26,802.64
,913,06J18S,CO,"BUFFALO PARK",2816.352,58.42,76.2,96.52,81.28,73.66,66.04,83.82,60.96,30.48,35.56,30.48,35.56,728.98
,378,07K02S,CO,"BURRO MOUNTAIN",2865.12,66.04,86.36,91.44,81.28,86.36,114.3,106.68,83.82,40.64,40.64,43.18,48.26,889
,380,06L11S,CO,BUTTE,3096.768,50.8,68.58,78.74,78.74,78.74,71.12,66.04,45.72,27.94,43.18,40.64,45.72,695.96
,386,07M05S,CO,CASCADE,2706.624,78.74,86.36,83.82,83.82,86.36,91.44,76.2,53.34,33.02,60.96,78.74,76.2,889
,387,07M35S,CO,"CASCADE #2",2718.816,86.36,91.44,81.28,78.74,83.82,91.44,83.82,53.34,30.48,60.96,83.82,73.66,899.16
,408,06J03S,CO,COLUMBINE,2791.968,63.5,99.06,129.54,132.08,106.68,111.76,99.06,76.2,38.1,38.1,33.02,40.64,967.74
,409,08L02S,CO,"COLUMBINE PASS",2865.12,73.66,83.82,88.9,106.68,96.52,109.22,88.9,53.34,22.86,45.72,48.26,50.8,868.68
,904,08M10S,CO,"COLUMBUS BASIN",3287.268,114.3,116.84,162.56,137.16,160.02,116.84,119.38,114.3,40.64,83.82,106.68,96.52,1369.06
,412,05J18S,CO,"COPELAND LAKE",2621.28,45.72,55.88,53.34,53.34,53.34,76.2,96.52,88.9,50.8,53.34,53.34,40.64,721.36
,415,06K24S,CO,"COPPER MOUNTAIN",3200.4,50.8,66.04,66.04,73.66,66.04,81.28,86.36,68.58,40.64,45.72,53.34,43.18,741.68
,426,07J04S,CO,CROSHO,2773.68,53.34,63.5,73.66,68.58,68.58,91.44,83.82,58.42,33.02,50.8,45.72,38.1,728.98
,430,05M03S,CO,"CULEBRA #2",3200.4,50.8,58.42,50.8,48.26,55.88,73.66,73.66,66.04,45.72,63.5,78.74,58.42,723.9
,431,06M22S,CO,"CUMBRES TRESTLE",3054.096,83.82,104.14,101.6,114.3,127,121.92,81.28,50.8,30.48,53.34,76.2,63.5,1008.38
,438,05J06S,CO,"DEADMAN HILL",3115.056,66.04,68.58,66.04,68.58,68.58,93.98,101.6,93.98,43.18,40.64,45.72,48.26,805.18
,457,06J01S,CO,"DRY LAKE",2560.32,71.12,106.68,114.3,114.3,104.14,111.76,106.68,88.9,43.18,33.02,38.1,48.26,980.44
,936,05K27S,CO,"ECHO LAKE",3230.88,48.26,55.88,27.94,33.02,50.8,68.58,101.6,78.74,55.88,63.5,76.2,50.8,711.2
,465,08M06S,CO,"EL DIENTE PEAK",3108.96,73.66,76.2,76.2,86.36,91.44,101.6,91.44,81.28,38.1,55.88,66.04,55.88,894.08
,467,06J15S,CO,"ELK RIVER",2651.76,58.42,73.66,93.98,96.52,86.36,91.44,83.82,76.2,40.64,38.1,40.64,43.18,822.96
,485,06K08S,CO,"FREMONT PASS",3474.72,48.26,66.04,68.58,66.04,63.5,76.2,78.74,66.04,38.1,43.18,48.26,38.1,701.04
,505,05K09S,CO,"GRIZZLY PEAK",3383.28,53.34,68.58,73.66,83.82,81.28,88.9,99.06,86.36,48.26,55.88,58.42,45.72,843.28
,531,06K01S,CO,"HOOSIER PASS",3474.72,50.8,68.58,60.96,58.42,60.96,83.82,99.06,76.2,43.18,55.88,60.96,43.18,762
,538,07M27S,CO,IDARADO,2987.04,71.12,81.28,76.2,71.12,71.12,86.36,83.82,60.96,35.56,50.8,63.5,60.96,812.8
,542,06K04S,CO,"INDEPENDENCE PASS",3230.88,55.88,78.74,73.66,73.66,81.28,96.52,96.52,73.66,40.64,48.26,50.8,45.72,815.34
,547,06K10S,CO,IVANHOE,3169.92,63.5,71.12,88.9,83.82,83.82,104.14,101.6,76.2,35.56,45.72,43.18,50.8,848.36
,935,05K26S,CO,"JACKWHACKER GULCH",3340.608,53.34,66.04,78.74,53.34,55.88,81.28,111.76,78.74,40.64,91.44,60.96,33.02,805.18
,551,05J37S,CO,"JOE WRIGHT",3084.576,88.9,106.68,106.68,109.22,101.6,119.38,132.08,119.38,66.04,60.96,60.96,71.12,1143
,970,05K21S,CO,"JONES PASS",3169.92,53.34,68.58,73.66,63.5,71.12,101.6,78.74,71.12,38.1,71.12,58.42,45.72,795.02
,556,06K30S,CO,KILN,2926.08,45.72,60.96,66.04,60.96,66.04,73.66,71.12,55.88,33.02,43.18,40.64,38.1,655.32
,564,05J41S,CO,"LAKE ELDORA",2956.56,48.26,58.42,55.88,60.96,55.88,76.2,111.76,91.44,45.72,50.8,55.88,43.18,754.38
,565,05J10S,CO,"LAKE IRENE",3261.36,66.04,88.9,88.9,91.44,83.82,93.98,111.76,93.98,45.72,53.34,55.88,48.26,922.02
,580,06M23S,CO,"LILY POND",3352.8,73.66,91.44,91.44,76.2,93.98,93.98,81.28,48.26,27.94,58.42,68.58,53.34,858.52
,586,07M29S,CO,"LIZARD HEAD PASS",3108.96,71.12,68.58,66.04,71.12,73.66,83.82,76.2,71.12,33.02,68.58,78.74,63.5,825.5
,589,08M07S,CO,"LONE CONE",2926.08,73.66,83.82,81.28,91.44,93.98,101.6,83.82,66.04,35.56,63.5,68.58,66.04,909.32
,940,06J38S,CO,"LOST DOG",2840.736,88.9,106.68,139.7,114.3,142.24,109.22,91.44,66.04,55.88,58.42,55.88,73.66,1102.36
,602,05K05S,CO,"LOVELAND BASIN",3474.72,58.42,71.12,68.58,81.28,71.12,83.82,93.98,101.6,63.5,63.5,55.88,48.26,861.06
,607,06J06S,CO,"LYNX PASS",2706.624,45.72,55.88,58.42,58.42,55.88,63.5,63.5,53.34,35.56,43.18,43.18,38.1,614.68
,905,08M02S,CO,MANCOS,3048,68.58,78.74,81.28,91.44,81.28,86.36,66.04,73.66,25.4,68.58,83.82,73.66,878.84
,618,07K09S,CO,"MC CLURE PASS",2895.6,76.2,83.82,93.98,93.98,93.98,104.14,78.74,63.5,40.64,45.72,55.88,63.5,894.08
,1040,06K44S,CO,"MCCOY PARK",2889.504,50.8,68.58,78.74,73.66,73.66,88.9,88.9,63.5,30.48,33.02,35.56,30.48,716.28
,914,05M16S,CO,"MEDANO PASS",2932.176,58.42,35.56,27.94,22.86,25.4,45.72,40.64,60.96,66.04,129.54,129.54,91.44,734.06
,622,08K04S,CO,"MESA LAKES",3048,78.74,88.9,81.28,86.36,96.52,114.3,93.98,88.9,43.18,40.64,43.18,55.88,911.86
,937,05K28S,CO,"MICHIGAN CREEK",3230.88,45.72,53.34,58.42,63.5,53.34,73.66,83.82,58.42,35.56,50.8,66.04,40.64,683.26
,624,07M21S,CO,"MIDDLE CREEK",3429,109.22,106.68,88.9,81.28,104.14,114.3,96.52,66.04,40.64,68.58,83.82,93.98,1054.1
,1014,06K12S,CO,"MIDDLE FORK CAMP",2743.2,38.1,48.26,45.72,48.26,48.26,58.42,58.42,50.8,30.48,38.1,38.1,27.94,530.86
,629,07M14S,CO,"MINERAL CREEK",3060.192,73.66,73.66,68.58,71.12,76.2,86.36,76.2,63.5,33.02,58.42,78.74,71.12,830.58
,632,07M12S,CO,"MOLAS LAKE",3200.4,78.74,78.74,93.98,83.82,93.98,86.36,86.36,63.5,35.56,58.42,76.2,73.66,909.32
,658,06K06S,CO,"NAST LAKE",2651.76,35.56,48.26,58.42,53.34,55.88,66.04,60.96,45.72,27.94,43.18,38.1,30.48,563.88
,1031,06J27S,CO,"NEVER SUMMER",3133.344,86.36,99.06,101.6,104.14,93.98,114.3,127,114.3,60.96,58.42,58.42,63.5,1082.04
,663,05J42S,CO,NIWOT,3020.568,43.18,58.42,58.42,58.42,60.96,91.44,142.24,106.68,50.8,63.5,68.58,43.18,845.82
,669,07K01S,CO,"NORTH LOST TRAIL",2804.16,66.04,86.36,99.06,93.98,99.06,111.76,91.44,63.5,38.1,45.72,48.26,53.34,896.62
,675,07K14S,CO,"OVERLAND RES.",3011.424,58.42,71.12,68.58,60.96,71.12,81.28,73.66,50.8,35.56,66.04,76.2,68.58,782.32
,680,06L02S,CO,"PARK CONE",2926.08,40.64,48.26,60.96,55.88,63.5,60.96,53.34,40.64,30.48,43.18,38.1,38.1,574.04
,682,07K06S,CO,"PARK RESERVOIR",3035.808,93.98,109.22,111.76,119.38,116.84,121.92,104.14,81.28,43.18,53.34,55.88,76.2,1087.12
,688,05J04S,CO,"PHANTOM VALLEY",2752.344,45.72,60.96,66.04,71.12,60.96,55.88,60.96,60.96,40.64,50.8,48.26,40.64,662.94
,701,06L03S,CO,"PORPHYRY CREEK",3279.648,45.72,53.34,63.5,71.12,71.12,81.28,76.2,58.42,27.94,40.64,50.8,45.72,685.8
,709,06J09S,CO,"RABBIT EARS",2865.12,86.36,127,139.7,142.24,124.46,157.48,149.86,104.14,45.72,40.64,38.1,53.34,1209.04
,1032,06J20S,CO,RAWAH,2749.296,53.34,63.5,73.66,68.58,73.66,86.36,81.28,88.9,45.72,38.1,38.1,38.1,749.3
,713,07M33S,CO,"RED MOUNTAIN PASS",3398.52,96.52,106.68,104.14,104.14,106.68,114.3,111.76,73.66,40.64,63.5,81.28,76.2,1079.5
,717,07J05S,CO,"RIPPLE CREEK",3151.632,78.74,116.84,144.78,137.16,127,149.86,134.62,101.6,48.26,45.72,43.18,53.34,1181.1
,718,06J12S,CO,ROACH,2956.56,60.96,71.12,83.82,81.28,81.28,96.52,93.98,101.6,50.8,43.18,43.18,45.72,853.44
,939,06K43S,CO,"ROUGH AND TUMBLE",3157.728,25.4,40.64,50.8,45.72,43.18,53.34,50.8,63.5,38.1,48.26,50.8,35.56,546.1
,737,07K11S,CO,"SCHOFIELD PASS",3261.36,93.98,132.08,149.86,139.7,165.1,152.4,121.92,86.36,43.18,53.34,53.34,73.66,1264.92
,739,08M08S,CO,"SCOTCH CREEK",2773.68,66.04,68.58,60.96,78.74,88.9,109.22,76.2,53.34,27.94,50.8,63.5,53.34,797.56
,762,07M30S,CO,SLUMGULLION,3523.488,63.5,60.96,48.26,45.72,48.26,58.42,68.58,48.26,27.94,53.34,60.96,50.8,635
,773,05M13S,CO,"SOUTH COLONY",3291.84,91.44,86.36,88.9,132.08,83.82,83.82,78.74,88.9,55.88,88.9,101.6,104.14,1084.58
,780,07M11S,CO,"SPUD MOUNTAIN",3249.168,109.22,124.46,129.54,129.54,142.24,154.94,137.16,78.74,30.48,58.42,93.98,86.36,1275.08
,793,05J12S,CO,"STILLWATER CREEK",2657.856,35.56,35.56,43.18,50.8,43.18,48.26,55.88,55.88,33.02,43.18,35.56,30.48,510.54
,797,07M34S,CO,"STUMP LAKES",3413.76,88.9,93.98,83.82,81.28,88.9,116.84,96.52,63.5,38.1,83.82,114.3,88.9,1038.86
,802,06K14S,CO,"SUMMIT RANCH",2865.12,45.72,55.88,55.88,53.34,58.42,68.58,68.58,58.42,35.56,45.72,43.18,38.1,627.38
,825,06J29S,CO,TOWER,3200.4,104.14,165.1,185.42,190.5,165.1,170.18,165.1,124.46,60.96,43.18,48.26,60.96,1483.36
,827,07K13S,CO,"TRAPPER LAKE",2956.56,60.96,81.28,91.44,93.98,91.44,114.3,106.68,96.52,48.26,43.18,40.64,40.64,909.32
,829,05M08S,CO,TRINCHERA,3310.128,45.72,48.26,40.64,38.1,53.34,58.42,60.96,50.8,30.48,48.26,55.88,35.56,566.42
,838,05J08S,CO,"UNIVERSITY CAMP",3139.44,60.96,86.36,86.36,88.9,83.82,106.68,124.46,109.22,58.42,63.5,66.04,53.34,988.06
,839,07M16S,CO,"UPPER RIO GRANDE",2865.12,63.5,50.8,35.56,35.56,43.18,55.88,55.88,38.1,27.94,48.26,63.5,58.42,576.58
,840,06M03S,CO,"UPPER SAN JUAN",3087.624,121.92,139.7,134.62,139.7,142.24,152.4,111.76,73.66,40.64,73.66,93.98,99.06,1323.34
,1005,05M17S,CO,"UTE CREEK",3246.12,66.04,66.04,55.88,53.34,76.2,81.28,83.82,71.12,43.18,66.04,78.74,50.8,792.48
,842,06K39S,CO,"VAIL MOUNTAIN",3139.44,66.04,83.82,101.6,93.98,91.44,114.3,109.22,81.28,38.1,45.72,40.64,40.64,906.78
,843,07M31S,CO,VALLECITO,3316.224,78.74,83.82,86.36,76.2,88.9,99.06,83.82,58.42,35.56,68.58,93.98,81.28,934.72
,857,05M14S,CO,"WHISKEY CK",3115.056,53.34,66.04,63.5,58.42,71.12,78.74,91.44,76.2,50.8,88.9,96.52,58.42,853.44
,1042,05J05S,CO,"WILD BASIN",2913.888,38.1,48.26,48.26,50.8,50.8,60.96,63.5,58.42,33.02,30.48,35.56,30.48,548.64
,869,06J05S,CO,"WILLOW CREEK PASS",2907.792,53.34,58.42,50.8,48.26,53.34,63.5,71.12,78.74,58.42,45.72,48.26,40.64,670.56
,870,05J40S,CO,"WILLOW PARK",3261.36,60.96,93.98,96.52,101.6,88.9,99.06,114.3,106.68,55.88,60.96,50.8,50.8,980.44
,874,06M17S,CO,"WOLF CREEK SUMMIT",3352.8,121.92,142.24,132.08,139.7,154.94,162.56,121.92,78.74,40.64,68.58,88.9,93.98,1346.2
,1033,06J19S,CO,ZIRKEL,2846.832,63.5,104.14,134.62,132.08,111.76,116.84,99.06,81.28,38.1,38.1,35.56,40.64,995.68
1,,,CO,"ARAPAHO RIDGE SNTL",0,66.294,105.664,138.176,138.176,114.046,119.888,102.87,82.296,39.878,39.624,35.56,41.148,1023.62
1,,,CO,"BEAVER CK VILL SNTL",0,44.45,57.912,68.834,63.246,61.976,77.978,74.676,55.626,25.654,29.718,28.702,26.924,615.696
1,,,CO,"MIDDLE FORK CAMP SN",0,38.1,48.26,45.72,48.26,48.26,58.42,58.42,50.8,30.48,38.1,38.1,27.94,530.86
,306,15F04S,ID,"ATLANTA SUMMIT",2310.384,71.12,154.94,175.26,172.72,152.4,132.08,91.44,73.66,45.72,20.32,30.48,40.64,1160.78
,312,15E11S,ID,"BANNER SUMMIT",2145.792,66.04,139.7,157.48,149.86,134.62,119.38,86.36,73.66,60.96,27.94,27.94,35.56,1079.5
,319,16E11S,ID,"BEAR BASIN",1630.68,58.42,116.84,124.46,124.46,114.3,111.76,93.98,78.74,60.96,27.94,30.48,38.1,980.44
,320,13F03S,ID,"BEAR CANYON",2407.92,40.64,73.66,76.2,68.58,81.28,76.2,60.96,71.12,53.34,45.72,38.1,40.64,726.44
,323,16A08S,ID,"BEAR MOUNTAIN",1645.92,172.72,363.22,358.14,370.84,294.64,236.22,152.4,132.08,104.14,68.58,55.88,83.82,2392.68
,324,16E10S,ID,"BEAR SADDLE",1883.664,45.72,124.46,142.24,127,119.38,119.38,78.74,76.2,53.34,25.4,27.94,30.48,970.28
,338,15E02S,ID,"BIG CREEK SUMMIT",2005.584,81.28,162.56,185.42,185.42,160.02,142.24,106.68,76.2,60.96,27.94,30.48,45.72,1264.92
,359,14G01S,ID,"BOSTETTER R.S.",2286,38.1,68.58,83.82,86.36,63.5,66.04,63.5,63.5,35.56,22.86,35.56,30.48,657.86
,370,16D09S,ID,"BRUNDAGE RESERVOIR",1920.24,76.2,177.8,193.04,167.64,152.4,132.08,106.68,83.82,66.04,30.48,33.02,53.34,1272.54
,382,15F09S,ID,"CAMAS CREEK DIVIDE",1740.408,40.64,96.52,93.98,101.6,83.82,58.42,45.72,43.18,27.94,7.62,5.08,15.24,619.76
,895,14F19S,ID,"CHOCOLATE GULCH",1962.912,33.02,68.58,78.74,68.58,66.04,58.42,45.72,53.34,40.64,50.8,50.8,43.18,657.86
,411,15C16S,ID,"COOL CREEK",1914.144,119.38,246.38,304.8,299.72,248.92,200.66,139.7,114.3,88.9,48.26,43.18,63.5,1917.7
,423,15E08S,ID,"COZY COVE",1639.824,53.34,121.92,142.24,132.08,116.84,93.98,63.5,53.34,40.64,17.78,22.86,30.48,889
,424,11E37S,ID,"CRAB CREEK",2090.928,43.18,63.5,73.66,76.2,81.28,86.36,71.12,81.28,68.58,40.64,43.18,48.26,777.24
,425,15C09S,ID,"CRATER MEADOWS",1816.608,129.54,218.44,233.68,203.2,198.12,157.48,134.62,114.3,99.06,48.26,53.34,76.2,1666.24
,439,15E04S,ID,"DEADWOOD SUMMIT",2090.928,96.52,210.82,241.3,243.84,210.82,185.42,119.38,86.36,60.96,25.4,30.48,45.72,1557.02
,450,14F08S,ID,"DOLLARHIDE SUMMIT",2566.416,53.34,121.92,144.78,142.24,129.54,119.38,76.2,71.12,50.8,25.4,27.94,30.48,993.14
,466,16C20S,ID,"ELK BUTTE",1734.312,91.44,205.74,231.14,236.22,200.66,154.94,93.98,99.06,73.66,38.1,40.64,53.34,1518.92
,471,11G06S,ID,"EMIGRANT SUMMIT",2252.472,78.74,114.3,127,134.62,116.84,109.22,93.98,88.9,48.26,27.94,33.02,53.34,1026.16
,484,11G32S,ID,"FRANKLIN BASIN",2490.216,86.36,132.08,144.78,162.56,119.38,121.92,114.3,96.52,50.8,35.56,38.1,53.34,1155.7
,489,14F17S,ID,GALENA,2267.712,43.18,88.9,106.68,101.6,86.36,78.74,53.34,50.8,45.72,22.86,27.94,30.48,736.6
,490,14F12S,ID,"GALENA SUMMIT",2676.144,53.34,93.98,111.76,109.22,99.06,91.44,66.04,60.96,50.8,25.4,33.02,40.64,835.66
,492,13F04S,ID,"GARFIELD R.S.",1999.488,30.48,60.96,66.04,58.42,63.5,55.88,45.72,60.96,40.64,25.4,30.48,30.48,568.96
,493,11G33S,ID,GIVEOUT,2112.264,45.72,53.34,60.96,60.96,53.34,50.8,50.8,55.88,35.56,25.4,30.48,40.64,563.88
,496,15F14S,ID,"GRAHAM GUARD STA.",1734.312,58.42,116.84,127,124.46,96.52,83.82,68.58,58.42,43.18,25.4,25.4,33.02,861.06
,520,15C06S,ID,"HEMLOCK BUTTE",1770.888,114.3,228.6,241.3,248.92,213.36,200.66,144.78,132.08,96.52,45.72,40.64,63.5,1770.38
,524,13E27S,ID,"HILTS CREEK",2438.4,43.18,58.42,58.42,55.88,58.42,68.58,50.8,63.5,45.72,30.48,38.1,35.56,607.06
,534,13G01S,ID,"HOWELL CANYON",2432.304,50.8,116.84,124.46,144.78,114.3,114.3,93.98,83.82,38.1,27.94,33.02,38.1,980.44
,535,15B21S,ID,"HUMBOLDT GULCH",1295.4,106.68,182.88,180.34,185.42,154.94,127,99.06,99.06,86.36,48.26,40.64,55.88,1366.52
,537,14F16S,ID,HYNDMAN,2267.712,40.64,73.66,71.12,68.58,73.66,68.58,55.88,71.12,53.34,38.1,35.56,38.1,688.34
,546,11E10S,ID,"ISLAND PARK",1917.192,43.18,76.2,99.06,99.06,88.9,78.74,63.5,68.58,55.88,35.56,40.64,40.64,789.94
,550,15E09S,ID,"JACKSON PEAK",2154.936,68.58,149.86,172.72,165.1,147.32,127,91.44,83.82,53.34,25.4,33.02,43.18,1160.78
,588,14C05S,ID,"LOLO PASS",1597.152,83.82,154.94,177.8,180.34,147.32,127,91.44,83.82,71.12,40.64,45.72,58.42,1262.38
,594,15B02S,ID,LOOKOUT,1566.672,99.06,195.58,215.9,218.44,165.1,134.62,96.52,83.82,66.04,43.18,38.1,50.8,1407.16
,600,15B14S,ID,"LOST LAKE",1862.328,137.16,271.78,297.18,317.5,264.16,208.28,154.94,134.62,93.98,55.88,43.18,68.58,2047.24
,601,14F03S,ID,"LOST-WOOD DIVIDE",2407.92,45.72,99.06,109.22,109.22,106.68,91.44,68.58,68.58,50.8,33.02,35.56,40.64,858.52
,610,14G02S,ID,"MAGIC MOUNTAIN",2097.024,45.72,96.52,111.76,121.92,91.44,91.44,88.9,81.28,40.64,17.78,27.94,30.48,845.82
,620,13E18S,ID,"MEADOW LAKE",2788.92,50.8,91.44,93.98,76.2,63.5,78.74,93.98,96.52,66.04,40.64,40.64,35.56,828.04
,623,16B14S,ID,"MICA CREEK",1447.8,93.98,190.5,210.82,208.28,157.48,137.16,101.6,101.6,73.66,43.18,35.56,55.88,1409.7
,627,14E01S,ID,"MILL CREEK SUMMIT",2682.24,50.8,86.36,88.9,86.36,81.28,76.2,78.74,71.12,53.34,33.02,38.1,38.1,782.32
,636,13E06S,ID,MOONSHINE,2267.712,35.56,58.42,60.96,60.96,53.34,58.42,55.88,66.04,53.34,30.48,27.94,27.94,589.28
,638,13D16S,ID,"MOOSE CREEK",1889.76,48.26,86.36,109.22,104.14,86.36,71.12,68.58,71.12,60.96,33.02,35.56,38.1,812.8
,637,15F01S,ID,"MORES CREEK SUMMIT",1859.28,76.2,175.26,195.58,205.74,162.56,139.7,91.44,71.12,43.18,22.86,22.86,38.1,1244.6
,639,14E04S,ID,"MORGAN CREEK",2316.48,40.64,78.74,78.74,66.04,63.5,63.5,55.88,68.58,63.5,30.48,30.48,30.48,670.56
,645,16A04S,ID,"MOSQUITO RIDGE",1584.96,114.3,231.14,231.14,198.12,180.34,149.86,106.68,88.9,66.04,40.64,40.64,55.88,1503.68
,650,15D06S,ID,"MOUNTAIN MEADOWS",1938.528,73.66,116.84,121.92,116.84,109.22,121.92,132.08,137.16,99.06,45.72,40.64,50.8,1165.86
,654,16G07S,ID,"MUD FLAT",1746.504,27.94,53.34,63.5,60.96,45.72,43.18,38.1,33.02,27.94,20.32,15.24,17.78,447.04
,677,12G18S,ID,"OXFORD SPRING",2054.352,50.8,71.12,83.82,88.9,73.66,76.2,68.58,81.28,40.64,27.94,30.48,38.1,731.52
,695,11F02S,ID,"PINE CREEK PASS",2048.256,50.8,93.98,111.76,104.14,86.36,81.28,71.12,76.2,50.8,35.56,43.18,38.1,843.28
,704,15F06S,ID,PRAIRIE,1463.04,35.56,71.12,73.66,73.66,71.12,81.28,68.58,45.72,25.4,15.24,17.78,22.86,601.98
,735,14C04S,ID,"SAVAGE PASS",1880.616,91.44,142.24,154.94,137.16,116.84,104.14,93.98,88.9,81.28,43.18,48.26,60.96,1163.32
,915,13E16S,ID,"SCHWARTZ LAKE",2627.376,45.72,71.12,68.58,68.58,71.12,88.9,71.12,91.44,81.28,48.26,68.58,40.64,815.34
,738,16A10S,ID,"SCHWEITZER BASIN",1856.232,99.06,220.98,208.28,210.82,177.8,144.78,109.22,93.98,76.2,48.26,38.1,53.34,1480.82
,740,15D01S,ID,"SECESH SUMMIT",1987.296,81.28,165.1,182.88,180.34,162.56,154.94,111.76,86.36,66.04,27.94,30.48,45.72,1295.4
,741,11G30S,ID,"SEDGWICK PEAK",2392.68,63.5,99.06,106.68,114.3,99.06,101.6,86.36,88.9,38.1,27.94,33.02,40.64,899.16
,747,15C04S,ID,"SHANGHI SUMMIT",1392.936,91.44,185.42,208.28,208.28,167.64,139.7,111.76,109.22,86.36,55.88,40.64,53.34,1457.96
,749,11F11S,ID,"SHEEP MTN.",2002.536,43.18,76.2,81.28,83.82,71.12,63.5,58.42,71.12,27.94,22.86,25.4,33.02,657.86
,752,16C01S,ID,SHERWIN,975.36,76.2,144.78,154.94,142.24,116.84,101.6,76.2,81.28,60.96,35.56,35.56,45.72,1071.88
,761,11G05S,ID,"SLUG CREEK DIVIDE",2202.18,63.5,83.82,104.14,96.52,88.9,88.9,81.28,76.2,45.72,27.94,35.56,45.72,838.2
,769,14F11S,ID,"SOLDIER R.S.",1749.552,33.02,91.44,111.76,93.98,88.9,60.96,40.64,43.18,27.94,12.7,7.62,12.7,624.84
,770,11G01S,ID,"SOMSEN RANCH",2072.64,45.72,71.12,83.82,83.82,71.12,66.04,60.96,66.04,38.1,27.94,30.48,38.1,683.26
,774,16G01S,ID,"SOUTH MTN.",1981.2,50.8,106.68,114.3,111.76,106.68,106.68,88.9,71.12,35.56,17.78,15.24,22.86,848.36
,782,16E05S,ID,"SQUAW FLAT",1901.952,71.12,152.4,157.48,144.78,139.7,144.78,109.22,91.44,58.42,30.48,30.48,40.64,1170.94
,792,14F02S,ID,"STICKNEY MILL",2264.664,27.94,50.8,58.42,43.18,43.18,45.72,43.18,55.88,40.64,27.94,30.48,25.4,492.76
,803,15B09S,ID,SUNSET,1688.592,101.6,170.18,180.34,175.26,139.7,129.54,104.14,111.76,91.44,45.72,45.72,63.5,1358.9
,805,13F09S,ID,"SWEDE PEAK",2328.672,35.56,76.2,81.28,73.66,88.9,76.2,58.42,68.58,43.18,30.48,27.94,33.02,693.42
,830,15F05S,ID,"TRINITY MTN.",2368.296,76.2,180.34,213.36,218.44,177.8,152.4,106.68,83.82,58.42,25.4,25.4,43.18,1361.44
,845,14F04S,ID,"VIENNA MINE",2731.008,71.12,144.78,170.18,170.18,147.32,129.54,88.9,73.66,50.8,25.4,27.94,40.64,1140.46
,855,16D08S,ID,"WEST BRANCH",1694.688,63.5,152.4,170.18,152.4,144.78,134.62,96.52,76.2,55.88,25.4,27.94,35.56,1135.38
,860,11E36S,ID,"WHITE ELEPHANT",2350.008,71.12,132.08,149.86,142.24,139.7,142.24,101.6,101.6,81.28,53.34,45.72,43.18,1203.96
,867,12G17S,ID,"WILDHORSE DIVIDE",1978.152,60.96,91.44,96.52,101.6,88.9,86.36,76.2,73.66,40.64,30.48,33.02,40.64,820.42
,871,15G02S,ID,"WILSON CREEK",2170.176,50.8,86.36,78.74,68.58,76.2,68.58,86.36,68.58,40.64,22.86,15.24,30.48,693.42
,916,11D28S,MT,"ALBRO LAKE",2529.84,81.28,86.36,106.68,93.98,76.2,91.44,121.92,119.38,129.54,43.18,40.64,55.88,1046.48
,307,13A15S,MT,"BADGER PASS",2103.12,99.06,152.4,170.18,198.12,142.24,154.94,124.46,129.54,114.3,55.88,78.74,81.28,1501.14
,311,15A08S,MT,"BANFIELD MOUNTAIN",1706.88,63.5,124.46,129.54,124.46,111.76,99.06,68.58,71.12,68.58,48.26,33.02,38.1,980.44
,313,13C44S,MT,"BARKER LAKES",2514.6,60.96,71.12,73.66,60.96,58.42,91.44,104.14,124.46,101.6,66.04,55.88,58.42,927.1
,315,12D09S,MT,"BASIN CREEK",2188.464,38.1,38.1,35.56,30.48,30.48,63.5,73.66,109.22,76.2,40.64,40.64,45.72,622.3
,318,12E08S,MT,"BEAGLE SPRINGS",2697.48,40.64,45.72,48.26,50.8,38.1,58.42,71.12,101.6,78.74,50.8,48.26,40.64,673.1
,328,11E38S,MT,"BEAVER CREEK",2392.68,63.5,96.52,106.68,101.6,81.28,88.9,81.28,93.98,78.74,50.8,45.72,53.34,942.34
,346,13B25S,MT,"BISSON CREEK",1499.616,68.58,88.9,76.2,78.74,58.42,73.66,78.74,106.68,104.14,43.18,45.72,50.8,873.76
,347,11E35S,MT,"BLACK BEAR",2490.216,91.44,175.26,180.34,215.9,182.88,193.04,124.46,114.3,81.28,48.26,48.26,60.96,1516.38
,349,13C13S,MT,"BLACK PINE",2197.608,45.72,58.42,71.12,76.2,58.42,68.58,73.66,78.74,63.5,33.02,43.18,40.64,711.2
,355,13D10S,MT,"BLOODY DICK",2301.24,48.26,76.2,78.74,66.04,60.96,63.5,71.12,91.44,63.5,38.1,35.56,38.1,731.52
,360,11C01S,MT,"BOULDER MOUNTAIN",2423.16,66.04,99.06,109.22,99.06,76.2,104.14,106.68,119.38,101.6,68.58,45.72,63.5,1059.18
,363,10D31S,MT,"BOX CANYON",2042.16,43.18,53.34,60.96,55.88,45.72,58.42,60.96,83.82,60.96,48.26,38.1,43.18,652.78
,365,10D35S,MT,"BRACKETT CREEK",2231.136,73.66,111.76,106.68,142.24,88.9,116.84,139.7,154.94,139.7,81.28,53.34,55.88,1264.92
,381,13D26S,MT,"CALVERT CREEK",1959.864,30.48,48.26,55.88,53.34,45.72,38.1,35.56,50.8,35.56,27.94,30.48,33.02,485.14
,385,11E29S,MT,"CARROT BASIN",2743.2,81.28,119.38,132.08,127,109.22,144.78,114.3,127,109.22,60.96,58.42,71.12,1254.76
,403,11D08S,MT,"CLOVER MEADOW",2682.24,60.96,73.66,81.28,86.36,71.12,91.44,99.06,101.6,73.66,55.88,55.88,60.96,911.86
,407,09D16S,MT,"COLE CREEK",2392.68,86.36,63.5,55.88,58.42,50.8,109.22,132.08,139.7,88.9,60.96,50.8,81.28,977.9
,410,13C33S,MT,COMBINATION,1706.88,30.48,43.18,48.26,43.18,35.56,40.64,50.8,68.58,63.5,35.56,43.18,40.64,543.56
,413,12B16S,MT,"COPPER BOTTOM",1584.96,45.72,73.66,99.06,81.28,71.12,53.34,48.26,60.96,48.26,33.02,25.4,30.48,670.56
,414,12B14S,MT,"COPPER CAMP",2118.36,86.36,152.4,190.5,177.8,144.78,121.92,91.44,101.6,88.9,45.72,48.26,53.34,1303.02
,427,09C01S,MT,"CRYSTAL LAKE",1844.04,66.04,53.34,73.66,68.58,50.8,83.82,104.14,134.62,124.46,73.66,66.04,71.12,970.28
,919,10C15S,MT,"DAISY PEAK",2316.48,35.56,40.64,53.34,48.26,43.18,66.04,86.36,111.76,88.9,68.58,48.26,50.8,741.68
,433,13C39S,MT,"DALY CREEK",1761.744,40.64,66.04,66.04,66.04,58.42,58.42,55.88,73.66,58.42,33.02,35.56,40.64,652.78
,436,13D19S,MT,"DARKHORSE LAKE",2651.76,73.66,152.4,160.02,149.86,119.38,132.08,127,142.24,93.98,48.26,55.88,60.96,1315.72
,437,10C09S,MT,"DEADMAN CREEK",1965.96,35.56,55.88,68.58,63.5,43.18,55.88,60.96,78.74,83.82,58.42,50.8,40.64,695.96
,448,12E07S,MT,DIVIDE,2377.44,38.1,48.26,55.88,60.96,48.26,71.12,63.5,81.28,81.28,40.64,40.64,48.26,678.18
,458,12A02S,MT,"DUPUYER CREEK",1752.6,63.5,71.12,68.58,71.12,60.96,58.42,68.58,104.14,109.22,60.96,66.04,60.96,863.6
,469,13A24S,MT,"EMERY CREEK",1325.88,68.58,114.3,119.38,109.22,81.28,83.82,78.74,104.14,96.52,55.88,43.18,58.42,1013.46
,480,09D06S,MT,"FISHER CREEK",2773.68,86.36,162.56,185.42,190.5,152.4,157.48,129.54,121.92,96.52,68.58,58.42,71.12,1480.82
,482,13A19S,MT,"FLATTOP MTN.",1920.24,137.16,254,264.16,261.62,200.66,182.88,157.48,160.02,154.94,91.44,73.66,91.44,2029.46
,487,12C13S,MT,"FROHNER MEADOW",1975.104,48.26,45.72,50.8,48.26,38.1,53.34,58.42,83.82,68.58,45.72,45.72,50.8,637.54
,918,15A05S,MT,"GARVER CREEK",1295.4,53.34,109.22,91.44,76.2,60.96,63.5,50.8,58.42,50.8,30.48,33.02,35.56,713.74
,500,14A11S,MT,"GRAVE CREEK",1310.64,91.44,165.1,147.32,154.94,116.84,111.76,96.52,99.06,96.52,63.5,55.88,68.58,1267.46
,510,14A14S,MT,"HAND CREEK",1534.668,48.26,86.36,83.82,71.12,60.96,66.04,68.58,76.2,73.66,45.72,30.48,48.26,759.46
,516,15A03S,MT,"HAWKINS LAKE",1965.96,81.28,149.86,147.32,154.94,127,121.92,106.68,101.6,99.06,53.34,50.8,58.42,1252.22
,530,15C10S,MT,"HOODOO BASIN",1844.04,129.54,261.62,243.84,248.92,205.74,187.96,139.7,116.84,101.6,53.34,45.72,81.28,1816.1
,562,13B22S,MT,"KRAFT CREEK",1447.8,76.2,137.16,134.62,119.38,109.22,86.36,88.9,81.28,76.2,38.1,40.64,58.42,1046.48
,568,11E03S,MT,"LAKEVIEW RIDGE",2255.52,53.34,63.5,60.96,55.88,53.34,83.82,66.04,96.52,86.36,55.88,50.8,55.88,782.32
,576,13E23S,MT,"LEMHI RIDGE",2468.88,45.72,58.42,68.58,63.5,53.34,71.12,76.2,93.98,66.04,33.02,27.94,38.1,695.96
,578,10D13S,MT,"LICK CREEK",2090.928,63.5,63.5,58.42,58.42,53.34,93.98,101.6,116.84,88.9,45.72,48.26,55.88,848.36
,590,11D19S,MT,"LONE MOUNTAIN",2706.624,68.58,86.36,93.98,104.14,71.12,83.82,109.22,96.52,101.6,71.12,48.26,55.88,990.6
,603,11D11S,MT,"LOWER TWIN",2407.92,76.2,99.06,91.44,83.82,71.12,104.14,121.92,142.24,114.3,60.96,50.8,58.42,1074.42
,604,13C38S,MT,"LUBRECHT FLUME",1426.464,38.1,50.8,55.88,48.26,35.56,40.64,43.18,71.12,58.42,33.02,40.64,43.18,558.8
,609,11E31S,MT,"MADISON PLATEAU",2362.2,66.04,116.84,132.08,129.54,116.84,127,83.82,99.06,66.04,40.64,40.64,50.8,1069.34
,613,13A27S,MT,"MANY GLACIER",1493.52,111.76,165.1,147.32,137.16,106.68,101.6,86.36,93.98,106.68,60.96,55.88,81.28,1254.76
,635,10D12S,MT,"MONUMENT PEAK",2697.48,66.04,96.52,106.68,101.6,78.74,91.44,88.9,106.68,78.74,53.34,48.26,50.8,967.74
,646,13B24S,MT,"MOSS PEAK",2066.544,114.3,200.66,177.8,200.66,157.48,172.72,152.4,144.78,129.54,73.66,58.42,78.74,1661.16
,649,12B12S,MT,"MOUNT LOCKHART",1950.72,73.66,114.3,121.92,127,101.6,99.06,83.82,96.52,96.52,53.34,66.04,58.42,1092.2
,656,12D11S,MT,"MULE CREEK",2529.84,50.8,78.74,71.12,73.66,60.96,71.12,81.28,91.44,83.82,43.18,40.64,45.72,792.48
,903,12C22S,MT,"N FK ELK CREEK",1905,43.18,66.04,78.74,66.04,60.96,68.58,66.04,93.98,71.12,40.64,38.1,40.64,734.06
,662,14D02S,MT,"NEVADA RIDGE",2139.696,50.8,71.12,83.82,73.66,63.5,60.96,68.58,81.28,60.96,43.18,40.64,43.18,741.68
,657,13C31S,MT,"NEZ PERCE CAMP",1722.12,53.34,106.68,104.14,109.22,86.36,81.28,76.2,73.66,55.88,38.1,33.02,40.64,858.52
,664,13A25S,MT,"NOISY BASIN",1840.992,96.52,200.66,228.6,220.98,177.8,195.58,162.56,149.86,144.78,104.14,73.66,99.06,1854.2
,670,10D07S,MT,"NORTH FORK JOCKO",1929.384,142.24,274.32,256.54,271.78,195.58,157.48,132.08,124.46,114.3,73.66,45.72,86.36,1874.52
,667,13B07S,MT,"NORTHEAST ENTRANCE",2240.28,40.64,60.96,60.96,63.5,48.26,50.8,50.8,71.12,66.04,53.34,45.72,48.26,660.4
,1008,10C22S,MT,"ONION PARK",2258.568,45.72,71.12,88.9,86.36,60.96,78.74,76.2,91.44,83.82,66.04,53.34,43.18,845.82
,930,13C36S,MT,"PETERSON MEADOWS",2194.56,43.18,45.72,48.26,50.8,43.18,71.12,86.36,101.6,81.28,38.1,48.26,45.72,703.58
,690,11C02S,MT,"PICKFOOT CREEK",2026.92,53.34,68.58,76.2,66.04,55.88,78.74,73.66,99.06,83.82,58.42,38.1,53.34,805.18
,693,13A26S,MT,"PIKE CREEK",1807.464,78.74,149.86,160.02,162.56,129.54,124.46,99.06,106.68,99.06,53.34,55.88,71.12,1290.32
,696,10D24S,MT,"PLACER BASIN",2691.384,78.74,86.36,78.74,76.2,63.5,101.6,111.76,139.7,91.44,63.5,53.34,60.96,1005.84
,932,15A12S,MT,"POORMAN CREEK",1554.48,101.6,220.98,223.52,238.76,223.52,175.26,124.46,116.84,124.46,60.96,58.42,86.36,1755.14
,700,10C03S,MT,PORCUPINE,1981.2,50.8,50.8,48.26,48.26,40.64,63.5,76.2,99.06,78.74,45.72,43.18,53.34,698.5
,722,12C11S,MT,"ROCKER PEAK",2438.4,48.26,60.96,71.12,68.58,55.88,81.28,88.9,101.6,78.74,48.26,50.8,53.34,807.72
,917,09A01S,MT,"ROCKY BOY",1432.56,35.56,38.1,45.72,40.64,27.94,43.18,58.42,88.9,91.44,58.42,55.88,50.8,635
,725,10C08S,MT,"S FORK SHIELDS",2468.88,73.66,86.36,81.28,86.36,73.66,114.3,134.62,142.24,114.3,66.04,60.96,68.58,1102.36
,727,13D22S,MT,"SADDLE MTN.",2407.92,58.42,124.46,142.24,144.78,111.76,106.68,96.52,88.9,58.42,38.1,30.48,38.1,1038.86
,753,11E39S,MT,"SHORT CREEK",2133.6,40.64,33.02,25.4,27.94,22.86,33.02,48.26,60.96,53.34,43.18,38.1,30.48,457.2
,754,10D16S,MT,"SHOWER FALLS",2468.88,93.98,101.6,96.52,104.14,88.9,139.7,149.86,160.02,134.62,76.2,63.5,81.28,1290.32
,760,13C03S,MT,"SKALKAHO SUMMIT",2209.8,60.96,99.06,124.46,129.54,106.68,104.14,83.82,88.9,78.74,48.26,43.18,50.8,1018.54
,783,14B05S,MT,"SLEEPING WOMAN",1874.52,78.74,109.22,111.76,99.06,81.28,88.9,81.28,88.9,81.28,58.42,40.64,50.8,970.28
,781,10C06S,MT,"SPUR PARK",2468.88,55.88,88.9,116.84,116.84,78.74,101.6,91.44,104.14,88.9,73.66,55.88,45.72,1018.54
,787,14A12S,MT,"STAHL PEAK",1837.944,104.14,195.58,193.04,200.66,154.94,165.1,137.16,139.7,139.7,83.82,60.96,81.28,1656.08
,1009,10C23S,MT,"STRINGER CREEK",1996.44,40.64,63.5,76.2,71.12,48.26,63.5,68.58,86.36,88.9,66.04,55.88,43.18,772.16
,901,13C01S,MT,"STUART MOUNTAIN",2255.52,81.28,154.94,187.96,182.88,137.16,124.46,101.6,99.06,86.36,45.72,25.4,66.04,1292.86
,808,11D26S,MT,"TABLE MOUNTAIN",1353.312,15.24,12.7,15.24,12.7,7.62,20.32,38.1,60.96,55.88,27.94,25.4,20.32,312.42
,813,11E24S,MT,"TEPEE CREEK",2438.4,43.18,68.58,71.12,68.58,60.96,78.74,66.04,78.74,68.58,48.26,38.1,45.72,736.6
,893,11C04S,MT,"TIZER BASIN",2084.832,53.34,50.8,55.88,43.18,35.56,60.96,78.74,91.44,96.52,68.58,58.42,40.64,734.06
,835,14C13S,MT,"TWELVEMILE CREEK",1706.88,81.28,149.86,154.94,165.1,129.54,114.3,91.44,86.36,81.28,45.72,40.64,60.96,1201.42
,836,14C12S,MT,"TWIN LAKES",1950.72,104.14,213.36,243.84,259.08,195.58,165.1,134.62,116.84,96.52,58.42,53.34,76.2,1717.04
,847,12B13S,MT,WALDRON,1706.88,58.42,78.74,81.28,81.28,60.96,66.04,63.5,88.9,83.82,43.18,58.42,53.34,817.88
,850,13C43S,MT,"WARM SPRINGS",2377.44,76.2,109.22,109.22,104.14,88.9,106.68,109.22,127,96.52,55.88,58.42,68.58,1109.98
,924,11E07S,MT,"WEST YELLOWSTONE",2042.16,38.1,60.96,71.12,58.42,53.34,53.34,45.72,66.04,66.04,53.34,43.18,45.72,655.32
,858,11E30S,MT,"WHISKEY CREEK",2072.64,58.42,91.44,101.6,99.06,91.44,96.52,76.2,78.74,68.58,38.1,40.64,53.34,894.08
,862,09D08S,MT,"WHITE MILL",2651.76,71.12,124.46,129.54,139.7,111.76,116.84,99.06,101.6,83.82,60.96,53.34,60.96,1153.16
,876,12B17S,MT,"WOOD CREEK",1816.608,50.8,81.28,81.28,60.96,55.88,66.04,63.5,86.36,91.44,38.1,40.64,48.26,764.54
1,,,MT,"ALBRO LAKE",0,81.28,86.36,106.68,93.98,76.2,91.44,121.92,119.38,129.54,43.18,40.64,55.88,1046.48
1,,,MT,"ASHLEY DIVIDE",0,45.72,66.04,60.96,50.8,38.1,45.72,50.8,66.04,73.66,40.64,27.94,40.64,607.06
1,,,MT,"ASHLEY LAKE",0,45.72,66.04,60.96,48.26,38.1,40.64,48.26,58.42,68.58,43.18,25.4,40.64,584.2
1,,,MT,"BADGER PASS",0,99.06,152.4,170.18,198.12,142.24,154.94,124.46,129.54,114.3,55.88,78.74,81.28,1501.14
1,,,MT,"BANFIELD MTN",0,63.5,124.46,129.54,124.46,111.76,99.06,68.58,71.12,68.58,48.26,33.02,38.1,980.44
1,,,MT,"BARKER LAKES",0,60.96,71.12,73.66,60.96,58.42,91.44,104.14,124.46,101.6,66.04,55.88,58.42,927.1
1,,,MT,"BASIN CREEK",0,38.1,38.1,35.56,30.48,30.48,63.5,73.66,109.22,76.2,40.64,40.64,45.72,622.3
1,,,MT,"BASSOO PEAK",0,53.34,81.28,76.2,66.04,55.88,43.18,48.26,66.04,71.12,40.64,25.4,33.02,660.4
1,,,MT,"BEAGLE SPRINGS",0,40.64,45.72,48.26,50.8,38.1,58.42,71.12,101.6,78.74,50.8,48.26,40.64,673.1
1,,,MT,"BEAR PAW SKI AREA",0,20.32,22.86,27.94,20.32,17.78,27.94,43.18,78.74,86.36,55.88,50.8,45.72,497.84
1,,,MT,"BEAVER CREEK",0,63.5,96.52,106.68,101.6,81.28,88.9,81.28,93.98,78.74,50.8,45.72,53.34,942.34
1,,,MT,"BISSON CREEK",0,68.58,88.9,76.2,78.74,58.42,73.66,78.74,106.68,104.14,43.18,45.72,50.8,873.76
1,,,MT,"BLACK BEAR",0,91.44,175.26,180.34,215.9,182.88,193.04,124.46,114.3,81.28,48.26,48.26,60.96,1516.38
1,,,MT,"BLACK PINE",0,45.72,58.42,71.12,76.2,58.42,68.58,73.66,78.74,63.5,33.02,43.18,40.64,711.2
1,,,MT,"BLACKTAIL MTN",0,50.8,83.82,78.74,60.96,53.34,55.88,43.18,73.66,86.36,35.56,25.4,33.02,680.72
1,,,MT,"BLOODY DICK",0,48.26,76.2,78.74,66.04,60.96,63.5,71.12,91.44,63.5,38.1,35.56,38.1,731.52
1,,,MT,"BOULDER MOUNTAIN",0,66.04,99.06,109.22,99.06,76.2,104.14,106.68,119.38,101.6,68.58,45.72,63.5,1059.18
1,,,MT,"BOX CANYON",0,43.18,53.34,60.96,55.88,45.72,58.42,60.96,83.82,60.96,48.26,38.1,43.18,652.78
1,,,MT,"BOXELDER CREEK",0,30.48,27.94,33.02,27.94,20.32,38.1,53.34,86.36,91.44,55.88,50.8,48.26,563.88
1,,,MT,"BRACKETT CR",0,73.66,111.76,106.68,142.24,88.9,116.84,139.7,154.94,139.7,81.28,53.34,55.88,1264.92
1,,,MT,"CALVERT CREEK",0,30.48,48.26,55.88,53.34,45.72,38.1,35.56,50.8,35.56,27.94,30.48,33.02,485.14
1,,,MT,"CARROT BASIN",0,81.28,119.38,132.08,127,109.22,144.78,114.3,127,109.22,60.96,58.42,71.12,1254.76
1,,,MT,"CHICKEN CREEK",0,99.06,152.4,109.22,116.84,68.58,96.52,58.42,106.68,101.6,55.88,48.26,53.34,1066.8
1,,,MT,"CLOVER MEADOW",0,60.96,73.66,81.28,86.36,71.12,91.44,99.06,101.6,73.66,55.88,55.88,60.96,911.86
1,,,MT,"COLE CREEK",0,86.36,63.5,55.88,58.42,50.8,109.22,132.08,139.7,88.9,60.96,50.8,81.28,977.9
1,,,MT,"COLLEY CREEK",0,38.1,40.64,45.72,43.18,33.02,45.72,50.8,81.28,63.5,48.26,33.02,45.72,568.96
1,,,MT,COMBINATION,0,30.48,43.18,48.26,43.18,35.56,40.64,50.8,68.58,63.5,35.56,43.18,40.64,543.56
1,,,MT,"COPPER BOTTOM",0,45.72,73.66,99.06,81.28,71.12,53.34,48.26,60.96,48.26,33.02,25.4,30.48,670.56
1,,,MT,"COPPER CAMP",0,86.36,152.4,190.5,177.8,144.78,121.92,91.44,101.6,88.9,45.72,48.26,53.34,1303.02
1,,,MT,"CRYSTAL LAKE",0,66.04,53.34,73.66,68.58,50.8,83.82,104.14,134.62,124.46,73.66,66.04,71.12,970.28
1,,,MT,"DAISY PEAK",0,35.56,40.64,53.34,48.26,43.18,66.04,86.36,111.76,88.9,68.58,48.26,50.8,741.68
1,,,MT,"DALY CREEK",0,40.64,66.04,66.04,66.04,58.42,58.42,55.88,73.66,58.42,33.02,35.56,40.64,652.78
1,,,MT,"DARKHORSE LAKE",0,73.66,152.4,160.02,149.86,119.38,132.08,127,142.24,93.98,48.26,55.88,60.96,1315.72
1,,,MT,"DEADMAN CREEK",0,35.56,55.88,68.58,63.5,43.18,55.88,60.96,78.74,83.82,58.42,50.8,40.64,695.96
1,,,MT,DIVIDE,0,38.1,48.26,55.88,60.96,48.26,71.12,63.5,81.28,81.28,40.64,40.64,48.26,678.18
1,,,MT,"DIX HILL",0,27.94,30.48,38.1,35.56,27.94,33.02,43.18,71.12,58.42,40.64,40.64,33.02,480.06
1,,,MT,"DUPUYER CREEK",0,63.5,71.12,68.58,71.12,60.96,58.42,68.58,104.14,109.22,60.96,66.04,60.96,863.6
1,,,MT,"EMERY CREEK",0,68.58,114.3,119.38,109.22,81.28,83.82,78.74,104.14,96.52,55.88,43.18,58.42,1013.46
1,,,MT,"FISHER CREEK",0,86.36,162.56,185.42,190.5,152.4,157.48,129.54,121.92,96.52,68.58,58.42,71.12,1480.82
1,,,MT,"FLATTOP MTN",0,137.16,254,264.16,261.62,200.66,182.88,157.48,160.02,154.94,91.44,73.66,91.44,2029.46
1,,,MT,"FOUR MILE",0,48.26,55.88,50.8,45.72,38.1,66.04,81.28,101.6,83.82,45.72,38.1,43.18,698.5
1,,,MT,"FROHNER MEADOWS",0,48.26,45.72,50.8,48.26,38.1,53.34,58.42,83.82,68.58,45.72,45.72,50.8,637.54
1,,,MT,"GARVER CREEK",0,53.34,109.22,91.44,76.2,60.96,63.5,50.8,58.42,50.8,30.48,33.02,35.56,713.74
1,,,MT,"GRAVE CRK",0,91.44,165.1,147.32,154.94,116.84,111.76,96.52,99.06,96.52,63.5,55.88,68.58,1267.46
1,,,MT,"GRAVELEY RANCH",0,22.86,27.94,33.02,27.94,22.86,25.4,30.48,58.42,48.26,38.1,38.1,30.48,403.86
1,,,MT,"HAND CREEK",0,48.26,86.36,83.82,71.12,60.96,66.04,68.58,76.2,73.66,45.72,30.48,48.26,759.46
1,,,MT,"HAWKINS LAKE",0,81.28,149.86,147.32,154.94,127,121.92,106.68,101.6,99.06,53.34,50.8,58.42,1252.22
1,,,MT,"HERRIG JUNCTION",0,88.9,160.02,134.62,124.46,106.68,101.6,88.9,99.06,104.14,60.96,48.26,66.04,1183.64
1,,,MT,"HIGHWOOD DIVIDE",0,38.1,30.48,33.02,30.48,25.4,48.26,60.96,101.6,99.06,60.96,48.26,58.42,635
1,,,MT,"HIGHWOOD STATION",0,40.64,35.56,30.48,27.94,22.86,53.34,63.5,116.84,99.06,58.42,48.26,63.5,660.4
1,,,MT,"HOODOO BASIN",0,129.54,261.62,243.84,248.92,205.74,187.96,139.7,116.84,101.6,53.34,45.72,81.28,1816.1
1,,,MT,"J BAR W",0,20.32,12.7,15.24,10.16,12.7,25.4,27.94,58.42,71.12,35.56,38.1,43.18,370.84
1,,,MT,"JOHNSON PARK",0,22.86,30.48,40.64,33.02,25.4,45.72,53.34,76.2,68.58,50.8,33.02,30.48,510.54
1,,,MT,"KIWANIS CAMP",0,27.178,22.606,24.384,21.082,14.732,25.4,35.56,75.692,82.296,51.308,47.752,46.228,474.218
1,,,MT,"KRAFT CREEK",0,76.2,137.16,134.62,119.38,109.22,86.36,88.9,81.28,76.2,38.1,40.64,58.42,1046.48
1,,,MT,"LAKEVIEW RIDGE",0,53.34,63.5,60.96,55.88,53.34,83.82,66.04,96.52,86.36,55.88,50.8,55.88,782.32
1,,,MT,"LEMHI RIDGE",0,45.72,58.42,68.58,63.5,53.34,71.12,76.2,93.98,66.04,33.02,27.94,38.1,695.96
1,,,MT,"LICK CREEK",0,63.5,63.5,58.42,58.42,53.34,93.98,101.6,116.84,88.9,45.72,48.26,55.88,848.36
1,,,MT,LINDSAY,0,27.94,10.16,7.62,5.08,12.7,10.16,33.02,43.18,55.88,63.5,25.4,27.94,322.58
1,,,MT,"LONE MOUNTAIN",0,68.58,86.36,93.98,104.14,71.12,83.82,109.22,96.52,101.6,71.12,48.26,55.88,990.6
1,,,MT,"LONG COULEE",0,15.24,12.7,10.16,7.62,10.16,17.78,27.94,63.5,78.74,45.72,35.56,40.64,365.76
1,,,MT,"LOST COULEE",0,15.24,10.16,7.62,7.62,5.08,15.24,22.86,50.8,71.12,38.1,35.56,38.1,317.5
1,,,MT,"LOWER TOOTSIE CRK",0,12.7,10.16,12.7,10.16,12.7,25.4,22.86,48.26,63.5,43.18,30.48,33.02,325.12
1,,,MT,"LOWER TWIN",0,76.2,99.06,91.44,83.82,71.12,104.14,121.92,142.24,114.3,60.96,50.8,58.42,1074.42
1,,,MT,"LOWER WILLOW CREEK",0,17.78,20.32,17.78,20.32,17.78,22.86,30.48,50.8,45.72,30.48,30.48,25.4,330.2
1,,,MT,"LUBRECHT FLUME",0,38.1,50.8,55.88,48.26,35.56,40.64,43.18,71.12,58.42,33.02,40.64,43.18,558.8
1,,,MT,"LUBRECHT FOREST HQ",0,29.21,40.894,45.974,44.704,34.798,27.94,32.004,58.674,49.784,30.988,31.496,31.496,457.962
1,,,MT,LUTHER,0,66.04,30.48,25.4,40.64,20.32,38.1,68.58,86.36,88.9,53.34,22.86,40.64,581.66
1,,,MT,"MADISON PLATEAU",0,66.04,116.84,132.08,129.54,116.84,127,83.82,99.06,66.04,40.64,40.64,50.8,1069.34
1,,,MT,"MANY GLACIER",0,111.76,165.1,147.32,137.16,106.68,101.6,86.36,93.98,106.68,60.96,55.88,81.28,1254.76
1,,,MT,"MILL CREEK",0,45.72,48.26,55.88,53.34,38.1,60.96,63.5,93.98,71.12,55.88,43.18,48.26,678.18
1,,,MT,"MONUMENT PEAK",0,66.04,96.52,106.68,101.6,78.74,91.44,88.9,106.68,78.74,53.34,48.26,50.8,967.74
1,,,MT,"MOSS PEAK",0,114.3,200.66,177.8,200.66,157.48,172.72,152.4,144.78,129.54,73.66,58.42,78.74,1661.16
1,,,MT,"MOUNT LOCKHART",0,73.66,114.3,121.92,127,101.6,99.06,83.82,96.52,96.52,53.34,66.04,58.42,1092.2
1,,,MT,"MULE CREEK",0,50.8,78.74,71.12,73.66,60.96,71.12,81.28,91.44,83.82,43.18,40.64,45.72,792.48
1,,,MT,"N.FK. ELK CREEK",0,43.18,66.04,78.74,66.04,60.96,68.58,66.04,93.98,71.12,40.64,38.1,40.64,734.06
1,,,MT,"NEVADA RIDGE",0,50.8,71.12,83.82,73.66,63.5,60.96,68.58,81.28,60.96,43.18,40.64,43.18,741.68
1,,,MT,"NEZ PERCE CAMP",0,53.34,106.68,104.14,109.22,86.36,81.28,76.2,73.66,55.88,38.1,33.02,40.64,858.52
1,,,MT,"NOISY BASIN",0,96.52,200.66,228.6,220.98,177.8,195.58,162.56,149.86,144.78,104.14,73.66,99.06,1854.2
1,,,MT,"NORTH FORK JOCKO",0,142.24,274.32,256.54,271.78,195.58,157.48,132.08,124.46,114.3,73.66,45.72,86.36,1874.52
1,,,MT,"NORTHEAST ENTRANCE",0,40.64,60.96,60.96,63.5,48.26,50.8,50.8,71.12,66.04,53.34,45.72,48.26,660.4
1,,,MT,"ONION PARK",0,45.72,71.12,88.9,86.36,60.96,78.74,76.2,91.44,83.82,66.04,53.34,42.164,844.804
1,,,MT,"PETERSON MEADOWS",0,43.18,45.72,48.26,50.8,43.18,71.12,86.36,101.6,81.28,38.1,48.26,45.72,703.58
1,,,MT,"PICKET PIN UPPER",0,73.66,71.12,63.5,66.04,53.34,88.9,121.92,142.24,99.06,60.96,50.8,53.34,944.88
1,,,MT,"PICKET PIN LOWER",0,43.18,43.18,38.1,35.56,27.94,50.8,76.2,88.9,58.42,43.18,33.02,35.56,574.04
1,,,MT,"PICKFOOT CREEK",0,53.34,68.58,76.2,66.04,55.88,78.74,73.66,99.06,83.82,58.42,38.1,53.34,805.18
1,,,MT,"PIKE CREEK",0,78.74,149.86,160.02,162.56,129.54,124.46,99.06,106.68,99.06,53.34,55.88,71.12,1290.32
1,,,MT,"PLACER BASIN",0,78.74,86.36,78.74,76.2,63.5,101.6,111.76,139.7,91.44,63.5,53.34,60.96,1005.84
1,,,MT,"PMC HEADQUARTERS",0,29.718,12.446,8.636,10.414,8.89,20.828,35.56,60.706,38.354,20.32,20.32,29.972,296.164
1,,,MT,"POORMAN CREEK",0,101.6,220.98,223.52,238.76,223.52,175.26,124.46,116.84,124.46,60.96,58.42,86.36,1755.14
1,,,MT,PORCUPINE,0,50.8,50.8,48.26,48.26,40.64,63.5,76.2,99.06,78.74,45.72,43.18,53.34,698.5
1,,,MT,"REVAIS CREEK",0,43.18,50.8,48.26,40.64,35.56,38.1,50.8,73.66,66.04,35.56,33.02,35.56,551.18
1,,,MT,"ROCK CREEK MEADOWS",0,58.42,63.5,66.04,63.5,50.8,68.58,66.04,101.6,86.36,68.58,38.1,53.34,784.86
1,,,MT,"ROCK CREEK",0,58.42,45.72,55.88,48.26,38.1,73.66,93.98,132.08,106.68,60.96,53.34,58.42,825.5
1,,,MT,"ROCKER PEAK",0,48.26,60.96,71.12,68.58,55.88,81.28,88.9,101.6,78.74,48.26,50.8,53.34,807.72
1,,,MT,"ROCKY BOY SCS",0,35.56,38.1,45.72,40.64,27.94,43.18,58.42,88.9,91.44,58.42,55.88,50.8,635
1,,,MT,"SADDLE MOUNTAIN",0,58.42,124.46,142.24,144.78,111.76,106.68,96.52,88.9,58.42,38.1,30.48,38.1,1038.86
1,,,MT,"SHORT CREEK",0,40.64,33.02,25.4,27.94,22.86,33.02,48.26,60.96,53.34,43.18,38.1,30.48,457.2
1,,,MT,"SHOWER FALLS",0,93.98,101.6,96.52,104.14,88.9,139.7,149.86,160.02,134.62,76.2,63.5,81.28,1290.32
1,,,MT,"SKALKAHO SUMMIT",0,60.96,99.06,124.46,129.54,106.68,104.14,83.82,88.9,78.74,48.26,43.18,50.8,1018.54
1,,,MT,"SLEEPING WOMAN",0,78.74,109.22,111.76,99.06,81.28,88.9,81.28,88.9,81.28,58.42,40.64,50.8,970.28
1,,,MT,"SOUTH FORK SHIELDS",0,73.66,86.36,81.28,86.36,73.66,114.3,134.62,142.24,114.3,66.04,60.96,68.58,1102.36
1,,,MT,"SPUR PARK",0,55.88,88.9,116.84,116.84,78.74,101.6,91.44,104.14,88.9,73.66,55.88,45.72,1018.54
1,,,MT,"STAHL PEAK",0,104.14,195.58,193.04,200.66,154.94,165.1,137.16,139.7,139.7,83.82,60.96,81.28,1656.08
1,,,MT,"STRINGER CREEK",0,40.64,63.5,76.2,71.12,48.26,63.5,68.58,86.36,88.9,66.04,55.88,43.942,772.922
1,,,MT,"STRYKER BASIN",0,83.82,154.94,137.16,132.08,96.52,119.38,96.52,116.84,127,76.2,50.8,71.12,1262.38
1,,,MT,"STUART MTN.",0,81.28,154.94,187.96,182.88,137.16,124.46,101.6,99.06,86.36,45.72,25.4,66.04,1292.86
1,,,MT,"SUCKER CREEK",0,22.86,17.78,22.86,17.78,15.24,27.94,40.64,73.66,73.66,53.34,43.18,38.1,447.04
1,,,MT,"TABLE MOUNTAIN",0,15.24,12.7,15.24,12.7,7.62,20.32,38.1,60.96,55.88,27.94,25.4,20.32,312.42
1,,,MT,"TAYLOR ROAD",0,27.94,22.86,33.02,22.86,17.78,35.56,53.34,81.28,86.36,53.34,48.26,40.64,523.24
1,,,MT,"TEPEE CREEK",0,43.18,68.58,71.12,68.58,60.96,78.74,66.04,78.74,68.58,48.26,38.1,45.72,736.6
1,,,MT,"TIZER BASIN",0,53.34,50.8,55.88,43.18,35.56,60.96,78.74,91.44,96.52,68.58,58.42,40.64,734.06
1,,,MT,"TWELVEMILE CREEK",0,81.28,149.86,154.94,165.1,129.54,114.3,91.44,86.36,81.28,45.72,40.64,60.96,1201.42
1,,,MT,"TWIN LAKES",0,104.14,213.36,243.84,259.08,195.58,165.1,134.62,116.84,96.52,58.42,53.34,76.2,1717.04
1,,,MT,"UPPER SAGE CREEK",0,22.86,12.7,15.24,12.7,12.7,25.4,33.02,73.66,88.9,43.18,45.72,45.72,431.8
1,,,MT,"UPPER TOOTSIE CREEK",0,27.94,25.4,27.94,25.4,22.86,50.8,48.26,91.44,111.76,55.88,50.8,55.88,594.36
1,,,MT,WALDRON,0,58.42,78.74,81.28,81.28,60.96,66.04,63.5,88.9,83.82,43.18,58.42,53.34,817.88
1,,,MT,"WARM SPRINGS",0,76.2,109.22,109.22,104.14,88.9,106.68,109.22,127,96.52,55.88,58.42,68.58,1109.98
1,,,MT,"WEST YELLOWSTONE NRCS",0,38.1,60.96,71.12,58.42,53.34,53.34,45.72,66.04,66.04,53.34,43.18,45.72,655.32
1,,,MT,"WHISKEY CREEK",0,58.42,91.44,101.6,99.06,91.44,96.52,76.2,78.74,68.58,38.1,40.64,54.356,895.096
1,,,MT,"WHITE MILL",0,71.12,124.46,129.54,139.7,111.76,116.84,99.06,101.6,83.82,60.96,53.34,60.96,1153.16
1,,,MT,"WHITE SUL. SP. 10N",0,19.304,19.812,19.05,21.59,12.954,22.86,39.37,55.372,61.976,47.752,37.084,33.274,390.398
1,,,MT,"WILLOW CREEK",0,24.892,14.986,13.97,12.446,12.7,24.384,41.402,75.692,68.58,44.45,32.512,26.162,392.176
1,,,MT,"WOOD CREEK",0,50.8,81.28,81.28,60.96,55.88,66.04,63.5,86.36,91.44,38.1,40.64,48.26,764.54
,316,06N04S,NM,BATEMAN,2834.64,53.34,60.96,60.96,66.04,66.04,68.58,53.34,38.1,27.94,50.8,68.58,48.26,662.94
,394,06N03S,NM,CHAMITA,2560.32,55.88,60.96,60.96,71.12,66.04,66.04,48.26,35.56,25.4,53.34,73.66,53.34,670.56
,921,05P04S,NM,"ELK CABIN",2502.408,43.18,55.88,33.02,33.02,43.18,60.96,25.4,48.26,63.5,71.12,83.82,48.26,609.6
,486,08S01S,NM,"FRISCO DIVIDE",2438.4,55.88,40.64,43.18,43.18,38.1,30.48,20.32,15.24,22.86,83.82,101.6,63.5,558.8
,491,05N18S,NM,"GALLEGOS PEAK",2987.04,50.8,66.04,55.88,53.34,58.42,68.58,66.04,58.42,30.48,73.66,83.82,58.42,723.9
,532,06N14S,NM,HOPEWELL,304.8,66.04,81.28,93.98,106.68,106.68,104.14,68.58,43.18,27.94,48.26,66.04,43.18,855.98
,595,07S04S,NM,"LOOKOUT MOUNTAIN",2590.8,43.18,33.02,43.18,40.64,38.1,30.48,20.32,17.78,27.94,93.98,96.52,60.96,546.1
,1048,07S03S,NM,"MCKNIGHT CABIN",2816.352,55.88,35.56,40.64,43.18,27.94,33.02,17.78,15.24,30.48,121.92,132.08,83.82,637.54
,665,05N16S,NM,"NORTH COSTILLA",3230.88,45.72,58.42,53.34,40.64,43.18,66.04,68.58,55.88,45.72,73.66,78.74,48.26,678.18
1,,05P02,NM,PANCHUELA,2560.32,45.72,45.72,35.56,43.18,45.72,48.26,38.1,48.26,45.72,86.36,91.44,60.96,635
,708,06P01S,NM,QUEMAZON,2895.6,53.34,53.34,45.72,45.72,48.26,53.34,43.18,48.26,45.72,93.98,119.38,68.58,718.82
,715,05N11S,NM,"RED RIVER PASS #2",3002.28,40.64,43.18,35.56,38.1,38.1,55.88,50.8,45.72,33.02,55.88,55.88,38.1,530.86
,933,08P03S,NM,"RICE PARK",2578.608,58.42,35.56,35.56,38.1,45.72,43.18,15.24,17.78,25.4,83.82,86.36,53.34,538.48
,922,05P09S,NM,"SANTA FE",3488.436,63.5,71.12,68.58,58.42,58.42,91.44,63.5,63.5,71.12,116.84,154.94,86.36,967.74
,744,06P10S,NM,"SENORITA DIVIDE #2",2621.28,55.88,60.96,63.5,73.66,68.58,78.74,55.88,38.1,30.48,66.04,86.36,55.88,734.06
,1034,05R01S,NM,"SIERRA BLANCA",3133.344,66.04,53.34,76.2,53.34,55.88,53.34,27.94,33.02,60.96,129.54,154.94,124.46,889
,755,08T01S,NM,"SIGNAL PEAK",2548.128,55.88,50.8,68.58,66.04,66.04,45.72,25.4,17.78,33.02,111.76,109.22,83.82,734.06
,757,08S08S,NM,"SILVER CREEK DIVIDE",2743.2,76.2,73.66,81.28,86.36,96.52,71.12,40.64,25.4,33.02,109.22,116.84,88.9,899.16
,934,05N19S,NM,TOLBY,3102.864,38.1,71.12,50.8,43.18,43.18,60.96,58.42,35.56,27.94,53.34,81.28,43.18,607.06
,1017,06N16S,NM,"VACAS LOCAS",2836.4688,60.96,68.58,68.58,81.28,76.2,86.36,60.96,43.18,33.02,71.12,96.52,60.96,807.72
,854,05P08S,NM,"WESNER SPRINGS",3389.376,68.58,66.04,78.74,81.28,76.2,101.6,83.82,71.12,71.12,144.78,144.78,83.82,1071.88
1,,,NM,GASCON,0,37.592,26.67,26.67,23.876,31.75,41.402,37.338,43.942,49.784,108.458,105.664,56.388,589.534
1,,,NM,"MCKNIGHT CABIN SNTL",0,55.626,35.052,41.656,41.91,27.94,34.798,17.272,13.97,30.48,122.936,132.334,79.756,633.73
1,,,NM,"SIERRA BLANCA SNTL",0,65.278,54.102,76.2,54.356,54.102,54.356,27.178,34.036,60.96,129.032,156.21,115.316,881.126
,321,15H01S,NV,"BEAR CREEK",2377.44,55.88,96.52,106.68,106.68,96.52,109.22,106.68,99.06,48.26,22.86,27.94,35.56,911.86
,334,14K02S,NV,"BERRY CREEK",2773.68,45.72,50.8,60.96,63.5,73.66,86.36,83.82,76.2,40.64,35.56,35.56,43.18,695.96
,336,15H04S,NV,"BIG BEND",2042.16,30.48,53.34,55.88,53.34,43.18,45.72,40.64,43.18,30.48,15.24,12.7,20.32,444.5
,337,17K04S,NV,"BIG CREEK SUM",2651.76,43.18,63.5,66.04,73.66,81.28,93.98,93.98,83.82,38.1,20.32,27.94,35.56,721.36
,340,19K08S,NV,"BIG MEADOW",2529.84,48.26,111.76,124.46,132.08,147.32,121.92,68.58,53.34,25.4,10.16,15.24,33.02,891.54
,373,17H02S,NV,"BUCKSKIN LOWER",2042.16,40.64,83.82,83.82,78.74,76.2,78.74,78.74,71.12,40.64,12.7,17.78,25.4,688.34
,417,15J12S,NV,"CORRAL CANYON",2590.8,50.8,76.2,78.74,78.74,86.36,99.06,88.9,86.36,38.1,12.7,22.86,38.1,756.92
,443,15K03S,NV,"DIAMOND PEAK",2438.4,40.64,60.96,58.42,55.88,58.42,78.74,86.36,71.12,30.48,22.86,33.02,33.02,629.92
,445,18H01S,NV,"DISASTER PEAK",1981.2,27.94,66.04,78.74,76.2,66.04,60.96,40.64,35.56,27.94,15.24,12.7,17.78,525.78
,453,15J01S,NV,"DORSEY BASIN",2468.88,55.88,86.36,93.98,91.44,86.36,101.6,93.98,93.98,45.72,15.24,20.32,40.64,825.5
,454,15H24S,NV,"DRAW CREEK",2194.56,33.02,68.58,66.04,71.12,55.88,43.18,35.56,45.72,27.94,15.24,15.24,17.78,495.3
,476,16H08S,NV,"FAWN CREEK",2133.6,58.42,104.14,106.68,111.76,101.6,109.22,88.9,88.9,38.1,15.24,12.7,27.94,863.6
,498,17H08S,NV,"GRANITE PEAK",2377.44,55.88,101.6,109.22,111.76,104.14,111.76,83.82,60.96,38.1,12.7,12.7,27.94,830.58
,503,15J09S,NV,"GREEN MOUNTAIN",2438.4,55.88,86.36,88.9,101.6,86.36,96.52,96.52,93.98,48.26,15.24,22.86,33.02,825.5
,527,15J15S,NV,HOLE-IN-MOUNTAIN,2407.92,60.96,104.14,111.76,111.76,88.9,96.52,91.44,86.36,48.26,20.32,27.94,43.18,891.54
,548,16H02S,NV,"JACK CREEK UPPER",2209.8,50.8,91.44,99.06,91.44,78.74,91.44,68.58,68.58,35.56,12.7,15.24,33.02,736.6
,549,16H04S,NV,"JACKS PEAK",2566.416,63.5,114.3,116.84,134.62,116.84,119.38,81.28,78.74,35.56,15.24,22.86,43.18,942.34
,569,17H07S,NV,"LAMANCE CREEK",1828.8,53.34,96.52,93.98,88.9,78.74,83.82,68.58,60.96,35.56,15.24,20.32,30.48,726.44
,570,15J06S,NV,"LAMOILLE #3",2346.96,58.42,83.82,81.28,86.36,91.44,104.14,99.06,96.52,50.8,17.78,30.48,48.26,848.36
,573,16H05S,NV,"LAUREL DRAW",2042.16,45.72,86.36,88.9,83.82,78.74,86.36,66.04,60.96,27.94,12.7,12.7,25.4,675.64
,615,19K04S,NV,"MARLETTE LAKE",2438.4,50.8,106.68,124.46,137.16,137.16,114.3,66.04,43.18,20.32,7.62,12.7,27.94,848.36
,652,19K07S,NV,"MT ROSE SKI AREA",2697.48,68.58,170.18,215.9,215.9,233.68,180.34,99.06,55.88,35.56,20.32,15.24,30.48,1341.12
,698,15H14S,NV,"POLE CREEK R.S.",2538.984,35.56,50.8,50.8,53.34,53.34,58.42,58.42,78.74,45.72,27.94,27.94,27.94,568.96
,746,15H03S,NV,"SEVENTYSIX CREEK",2164.08,38.1,68.58,73.66,73.66,60.96,50.8,45.72,48.26,30.48,17.78,17.78,25.4,551.18
,750,19H05S,NV,SHELDON,1786.128,20.32,27.94,25.4,22.86,20.32,22.86,22.86,27.94,20.32,7.62,7.62,15.24,241.3
,811,15H09S,NV,"TAYLOR CANYON",1889.76,22.86,38.1,35.56,35.56,38.1,30.48,38.1,35.56,22.86,12.7,12.7,22.86,345.44
,849,14K05S,NV,"WARD MOUNTAIN",2804.16,40.64,43.18,48.26,58.42,68.58,68.58,50.8,66.04,30.48,27.94,33.02,33.02,568.96
1,,,NV,"FALLON NAS",0,8.636,9.144,9.144,11.43,12.7,10.16,10.668,17.018,14.478,5.334,7.62,7.62,123.952
1,,,NV,"INCLINE VILLAGE",0,44.45,94.488,96.012,113.03,103.378,101.854,37.084,14.986,17.272,10.922,12.954,24.384,670.814
1,,,NV,"MT. ROSE/XMAS TREE",0,45.212,83.566,87.884,118.11,118.11,125.984,40.386,24.384,13.97,12.954,21.336,34.29,726.186
,302,17D02S,OR,"ANEROID LAKE #2",2225.04,86.36,139.7,157.48,142.24,127,124.46,109.22,121.92,93.98,48.26,43.18,60.96,1254.76
,304,19D02S,OR,"ARBUCKLE MTN",1645.92,53.34,114.3,129.54,119.38,116.84,109.22,88.9,78.74,53.34,22.86,20.32,30.48,937.26
,331,18D09S,OR,"BEAVER RESERVOIR",1569.72,53.34,96.52,99.06,88.9,76.2,76.2,68.58,68.58,50.8,25.4,30.48,38.1,772.16
,343,23G15S,OR,"BIG RED MOUNTAIN",1905,96.52,215.9,220.98,213.36,190.5,198.12,124.46,93.98,53.34,22.86,17.78,45.72,1493.52
,341,22G21S,OR,"BIGELOW CAMP",1560.576,121.92,274.32,279.4,243.84,228.6,215.9,132.08,81.28,38.1,15.24,12.7,38.1,1681.48
,344,22G13S,OR,"BILLIE CREEK DIVIDE",1615.44,104.14,228.6,226.06,177.8,152.4,157.48,121.92,86.36,48.26,25.4,17.78,43.18,1389.38
,351,21D33S,OR,"BLAZED ALDER",1112.52,248.92,472.44,492.76,459.74,386.08,332.74,248.92,187.96,111.76,48.26,60.96,124.46,3175
,357,18E16S,OR,"BLUE MOUNTAIN SPRING",1798.32,55.88,124.46,142.24,129.54,109.22,99.06,78.74,63.5,45.72,17.78,20.32,25.4,911.86
,361,18E05S,OR,BOURNE,1767.84,50.8,109.22,134.62,119.38,104.14,93.98,68.58,68.58,50.8,27.94,27.94,25.4,881.38
,362,18D20S,OR,"BOWMAN SPRINGS",1395.984,45.72,86.36,93.98,81.28,71.12,68.58,66.04,58.42,38.1,25.4,22.86,33.02,690.88
,388,22F03S,OR,"CASCADE SUMMIT",1487.424,119.38,279.4,289.56,254,200.66,190.5,149.86,99.06,63.5,27.94,25.4,55.88,1755.14
,395,21F22S,OR,"CHEMULT ALTERNATE",1450.848,38.1,104.14,121.92,114.3,104.14,81.28,48.26,38.1,20.32,15.24,20.32,25.4,731.52
,398,21D13S,OR,"CLACKAMAS LAKE",1036.32,101.6,233.68,241.3,218.44,180.34,132.08,96.52,68.58,43.18,15.24,25.4,45.72,1402.08
,401,21D12S,OR,"CLEAR LAKE",1066.8,93.98,182.88,190.5,182.88,154.94,106.68,83.82,66.04,45.72,20.32,22.86,45.72,1196.34
,406,22G24S,OR,"COLD SPRINGS CAMP",1859.28,99.06,231.14,238.76,215.9,182.88,162.56,116.84,78.74,38.1,15.24,22.86,45.72,1447.8
,422,18D08S,OR,"COUNTY LINE",1463.04,43.18,71.12,71.12,66.04,63.5,66.04,60.96,66.04,45.72,25.4,27.94,30.48,637.54
,434,22E08S,OR,"DALY LAKE",1097.28,165.1,342.9,345.44,320.04,281.94,231.14,177.8,129.54,86.36,30.48,38.1,83.82,2232.66
,440,19E03S,OR,DERR.,1728.216,43.18,96.52,111.76,96.52,86.36,99.06,76.2,66.04,40.64,20.32,20.32,22.86,779.78
,442,22F18S,OR,"DIAMOND LAKE",1620.012,86.36,210.82,205.74,172.72,149.86,139.7,104.14,71.12,40.64,17.78,20.32,43.18,1262.38
,464,18E03S,OR,"EILERTSON MEADOWS",1645.92,43.18,99.06,106.68,101.6,83.82,71.12,55.88,66.04,53.34,30.48,22.86,27.94,762
,470,18D04S,OR,"EMIGRANT SPRINGS",1196.34,73.66,111.76,114.3,109.22,99.06,99.06,88.9,73.66,40.64,20.32,20.32,38.1,889
,477,18G02S,OR,"FISH CREEK",2407.92,71.12,147.32,147.32,149.86,154.94,147.32,124.46,104.14,50.8,20.32,25.4,27.94,1170.94
,479,22G14S,OR,"FISH LK.",1421.892,88.9,172.72,172.72,152.4,129.54,142.24,114.3,93.98,55.88,22.86,20.32,40.64,1206.5
,483,22G12S,OR,"FOURMILE LAKE",1828.8,91.44,218.44,236.22,220.98,180.34,157.48,111.76,73.66,38.1,15.24,15.24,35.56,1394.46
,494,18E08S,OR,"GOLD CENTER",1627.632,35.56,83.82,93.98,83.82,71.12,66.04,55.88,53.34,38.1,22.86,22.86,20.32,647.7
,504,21D01S,OR,GREENPOINT,975.36,142.24,322.58,350.52,314.96,271.78,215.9,134.62,91.44,58.42,15.24,22.86,55.88,1996.44
,523,18D19S,OR,"HIGH RIDGE",1517.904,81.28,180.34,203.2,182.88,152.4,132.08,111.76,91.44,55.88,20.32,22.86,40.64,1275.08
,526,21E06S,OR,"HOGG PASS",1450.848,157.48,345.44,350.52,330.2,274.32,241.3,172.72,119.38,73.66,27.94,38.1,76.2,2207.26
,529,22F42S,OR,"HOLLAND MEADOWS",1493.52,154.94,307.34,312.42,264.16,226.06,231.14,187.96,134.62,81.28,35.56,38.1,71.12,2044.7
,545,21F21S,OR,"IRISH TAYLOR",1676.4,127,279.4,281.94,261.62,223.52,208.28,157.48,111.76,66.04,27.94,33.02,55.88,1833.88
,552,22E07S,OR,"JUMP OFF JOE",1066.8,162.56,347.98,350.52,299.72,261.62,231.14,177.8,144.78,86.36,30.48,38.1,78.74,2209.8
,558,23G09S,OR,"KING MOUNTAIN",1219.2,114.3,259.08,259.08,226.06,218.44,208.28,137.16,83.82,38.1,20.32,25.4,40.64,1630.68
,563,18E18S,OR,"LAKE CREEK R.S.",1584.96,40.64,93.98,109.22,93.98,73.66,63.5,48.26,40.64,27.94,12.7,17.78,20.32,642.62
,584,22E09S,OR,"LITTLE MEADOWS",1219.2,218.44,467.36,477.52,429.26,337.82,284.48,231.14,162.56,93.98,30.48,43.18,93.98,2870.2
,605,18D06S,OR,"LUCKY STRIKE",1539.24,50.8,91.44,93.98,88.9,73.66,78.74,71.12,73.66,45.72,20.32,25.4,27.94,741.68
,608,19D03S,OR,"MADISON BUTTE",1600.2,33.02,66.04,73.66,63.5,58.42,66.04,63.5,60.96,38.1,17.78,17.78,25.4,584.2
,614,21E04S,OR,"MARION FORKS",792.48,152.4,345.44,365.76,322.58,264.16,220.98,152.4,116.84,66.04,25.4,35.56,60.96,2128.52
,619,21E07S,OR,MCKENZIE,1463.04,200.66,393.7,403.86,363.22,302.26,269.24,215.9,154.94,101.6,40.64,40.64,91.44,2578.1
,647,17D06S,OR,"MOSS SPRINGS",1783.08,93.98,165.1,167.64,160.02,142.24,144.78,132.08,121.92,76.2,30.48,38.1,60.96,1333.5
,651,21D08S,OR,"MT HOOD TEST SITE",1645.92,200.66,424.18,439.42,398.78,345.44,307.34,231.14,162.56,114.3,45.72,55.88,101.6,2827.02
,653,17D18S,OR,"MT. HOWARD",2410.968,78.74,134.62,142.24,114.3,114.3,129.54,116.84,119.38,88.9,40.64,33.02,50.8,1163.32
,655,21D35S,OR,"MUD RIDGE",1158.24,139.7,287.02,294.64,261.62,215.9,162.56,127,93.98,66.04,33.02,30.48,63.5,1775.46
,660,21F10S,OR,"NEW CRESCENT LAKE",1463.04,60.96,154.94,162.56,152.4,124.46,99.06,63.5,45.72,30.48,17.78,17.78,25.4,955.04
,666,22D02S,OR,"NORTH FORK",950.976,281.94,591.82,624.84,556.26,444.5,388.62,279.4,187.96,119.38,60.96,76.2,139.7,3751.58
,671,20E02S,OR,"OCHOCO MEADOWS",1584.96,43.18,106.68,106.68,88.9,81.28,83.82,71.12,66.04,43.18,30.48,22.86,25.4,769.62
,687,21D14S,OR,"PEAVINE RIDGE",1066.8,119.38,259.08,261.62,243.84,208.28,175.26,139.7,104.14,66.04,25.4,33.02,60.96,1696.72
,706,20G06S,OR,"QUARTZ MOUNTAIN",1737.36,40.64,76.2,73.66,73.66,66.04,76.2,55.88,43.18,27.94,17.78,15.24,22.86,589.28
,710,22F05S,OR,"RAILROAD OVERPASS",838.2,111.76,228.6,218.44,182.88,154.94,157.48,121.92,104.14,68.58,25.4,35.56,55.88,1465.58
,712,21D04S,OR,"RED HILL",1341.12,200.66,449.58,492.76,457.2,381,309.88,226.06,154.94,109.22,33.02,35.56,81.28,2931.16
,719,22F43S,OR,"ROARING RIVER",1493.52,134.62,289.56,299.72,261.62,210.82,195.58,149.86,116.84,66.04,30.48,33.02,58.42,1846.58
,721,18F01S,OR,"ROCK SPRINGS",1554.48,25.4,53.34,66.04,55.88,50.8,43.18,38.1,35.56,25.4,12.7,17.78,17.78,441.96
,726,23D01S,OR,"SADDLE MOUNTAIN",990.6,203.2,444.5,482.6,408.94,365.76,294.64,175.26,111.76,78.74,38.1,48.26,101.6,2753.36
,729,22F04S,OR,"SALT CREEK FALLS",1219.2,139.7,304.8,312.42,264.16,220.98,213.36,177.8,132.08,81.28,35.56,53.34,68.58,2004.06
,733,21E05S,OR,"SANTIAM JCT.",1143,147.32,314.96,322.58,276.86,236.22,213.36,152.4,99.06,60.96,27.94,33.02,66.04,1950.72
,736,17D08S,OR,"SCHNEIDER MEADOWS",1645.92,63.5,175.26,215.9,180.34,165.1,144.78,83.82,68.58,53.34,22.86,22.86,33.02,1229.36
,743,23D02S,OR,"SEINE CREEK",609.6,152.4,322.58,340.36,299.72,279.4,226.06,134.62,86.36,50.8,20.32,27.94,66.04,2006.6
,745,22G33S,OR,"SEVENMILE MARSH",1889.76,119.38,261.62,266.7,246.38,215.9,198.12,132.08,96.52,53.34,17.78,22.86,48.26,1678.94
,756,21F12S,OR,"SILVER CREEK",1743.456,45.72,99.06,88.9,93.98,78.74,73.66,50.8,38.1,25.4,15.24,17.78,20.32,647.7
,759,18G01S,OR,SILVIES,2103.12,43.18,83.82,101.6,91.44,99.06,88.9,83.82,86.36,50.8,15.24,22.86,25.4,792.48
,767,19F01S,OR,"SNOW MOUNTAIN",1895.856,48.26,104.14,116.84,91.44,86.36,99.06,73.66,60.96,33.02,10.16,12.7,20.32,756.92
,925,22D03S,OR,"SOUTH FORK BULL RUN",801.624,198.12,441.96,459.74,386.08,355.6,304.8,246.38,205.74,119.38,33.02,60.96,119.38,2931.16
,789,19E07S,OR,"STARR RIDGE",1615.44,30.48,63.5,76.2,66.04,55.88,53.34,43.18,48.26,33.02,12.7,17.78,22.86,523.24
,794,20G09S,OR,STRAWBERRY,1755.648,38.1,73.66,83.82,83.82,76.2,76.2,60.96,40.64,27.94,15.24,12.7,17.78,607.06
,800,20G02S,OR,"SUMMER RIM",2164.08,45.72,96.52,101.6,91.44,88.9,109.22,83.82,53.34,35.56,22.86,25.4,27.94,782.32
,801,22F14S,OR,"SUMMIT LAKE",1706.88,132.08,292.1,297.18,269.24,236.22,220.98,172.72,121.92,68.58,33.02,33.02,55.88,1932.94
,810,21G03S,OR,"TAYLOR BUTTE",1554.48,38.1,83.82,93.98,91.44,60.96,71.12,43.18,38.1,22.86,15.24,12.7,20.32,591.82
,812,17D07S,OR,"TAYLOR GREEN",1749.552,60.96,129.54,149.86,134.62,121.92,101.6,81.28,63.5,43.18,22.86,20.32,38.1,967.74
,815,21E13S,OR,"THREE CREEKS MEADOW",1722.12,66.04,180.34,198.12,175.26,152.4,127,81.28,53.34,30.48,20.32,27.94,27.94,1140.46
,821,18E09S,OR,TIPTON,1569.72,38.1,86.36,106.68,88.9,71.12,63.5,48.26,48.26,38.1,17.78,22.86,20.32,650.24
,873,18D21S,OR,"WOLF CREEK",1737.36,40.64,101.6,109.22,106.68,91.44,76.2,58.42,60.96,45.72,22.86,25.4,25.4,764.54
,907,12M26S,UT,"AGUA CANYON",2712.72,53.34,55.88,60.96,60.96,78.74,68.58,48.26,38.1,22.86,48.26,68.58,58.42,662.94
,329,11K13S,UT,"BEAVER DAMS",2438.4,60.96,68.58,68.58,73.66,71.12,86.36,86.36,55.88,22.86,27.94,43.18,48.26,713.74
,330,11J46S,UT,"BEAVER DIVIDE",2523.744,55.88,73.66,83.82,83.82,78.74,83.82,83.82,66.04,38.1,35.56,45.72,45.72,774.7
,332,11H08S,UT,"BEN LOMOND PEAK",2438.4,119.38,172.72,208.28,226.06,208.28,170.18,121.92,127,76.2,38.1,58.42,101.6,1628.14
,333,11H30S,UT,"BEN LOMOND TRAIL",1828.8,96.52,127,139.7,144.78,134.62,114.3,88.9,93.98,50.8,27.94,43.18,68.58,1130.3
,339,12L07S,UT,"BIG FLAT",3136.392,55.88,68.58,78.74,96.52,91.44,101.6,91.44,73.66,43.18,45.72,60.96,53.34,861.06
,348,11L04S,UT,"BLACK FLAT-U.M. CK",2865.12,45.72,45.72,45.72,48.26,53.34,58.42,53.34,45.72,27.94,45.72,53.34,45.72,568.96
,364,12L04S,UT,"BOX CREEK",2987.04,50.8,55.88,55.88,66.04,71.12,81.28,71.12,58.42,30.48,33.02,50.8,48.26,673.1
,366,11J57S,UT,BRIGHTON,2667,91.44,121.92,127,124.46,129.54,134.62,109.22,88.9,40.64,40.64,48.26,60.96,1117.6
,368,10J30S,UT,"BROWN DUCK",3230.88,73.66,76.2,76.2,86.36,99.06,91.44,83.82,73.66,53.34,53.34,58.42,63.5,889
,371,11K31S,UT,"BUCK FLAT",2987.04,63.5,83.82,83.82,86.36,91.44,91.44,73.66,63.5,30.48,43.18,50.8,55.88,817.88
,374,11H37S,UT,"BUG LAKE",2423.16,60.96,83.82,88.9,93.98,83.82,83.82,73.66,68.58,38.1,20.32,33.02,43.18,772.16
,383,09M02S,UT,"CAMP JACKSON",2621.28,76.2,71.12,81.28,91.44,83.82,78.74,53.34,40.64,22.86,58.42,66.04,55.88,779.78
,390,12M13S,UT,"CASTLE VALLEY",2919.984,50.8,55.88,55.88,66.04,73.66,78.74,60.96,43.18,25.4,48.26,58.42,48.26,665.48
,392,11J01S,UT,"CHALK CREEK #1",2773.68,83.82,116.84,111.76,109.22,106.68,116.84,119.38,86.36,48.26,40.64,48.26,60.96,1049.02
,393,11J02S,UT,"CHALK CREEK #2",2499.36,63.5,78.74,71.12,66.04,68.58,78.74,91.44,73.66,45.72,30.48,35.56,48.26,751.84
,396,10J43S,UT,CHEPETA,3139.44,66.04,66.04,60.96,60.96,66.04,78.74,81.28,78.74,50.8,53.34,68.58,66.04,797.56
,399,11K21S,UT,"CLEAR CREEK #1",2804.16,66.04,81.28,78.74,81.28,83.82,91.44,76.2,53.34,33.02,38.1,45.72,53.34,782.32
,400,11K22S,UT,"CLEAR CREEK #2",2529.84,53.34,66.04,63.5,66.04,71.12,81.28,68.58,50.8,33.02,38.1,40.64,43.18,675.64
,432,11J32S,UT,"CURRANT CREEK",2438.4,53.34,63.5,71.12,66.04,66.04,55.88,43.18,38.1,25.4,25.4,40.64,48.26,596.9
,435,11J23S,UT,DANIELS-STRAWBERRY,2438.4,63.5,86.36,99.06,91.44,96.52,86.36,71.12,58.42,35.56,27.94,35.56,45.72,797.56
,444,11K15S,UT,"DILL'S CAMP",2804.16,50.8,63.5,71.12,83.82,88.9,76.2,68.58,63.5,30.48,48.26,50.8,45.72,741.68
,452,11L05S,UT,"DONKEY RESERVOIR",2987.04,45.72,45.72,27.94,33.02,40.64,58.42,50.8,43.18,22.86,53.34,58.42,50.8,530.86
,455,11H55S,UT,"DRY BREAD POND",2545.08,68.58,88.9,96.52,91.44,93.98,93.98,83.82,66.04,38.1,27.94,33.02,50.8,833.12
,906,12J09S,UT,"DRY FORK",2182.368,91.44,96.52,86.36,68.58,76.2,99.06,101.6,78.74,35.56,38.1,48.26,68.58,889
,461,09K01S,UT,"EAST WILLOW CREEK",2514.6,50.8,43.18,38.1,48.26,48.26,45.72,43.18,38.1,20.32,38.1,53.34,50.8,518.16
,474,11J11S,UT,FARMINGTON,2438.4,104.14,139.7,144.78,157.48,157.48,160.02,139.7,124.46,55.88,40.64,45.72,78.74,1348.74
,475,11L01S,UT,"FARNSWORTH LAKE",2926.08,71.12,73.66,76.2,76.2,93.98,114.3,104.14,73.66,30.48,40.64,50.8,50.8,855.98
,481,10J26S,UT,"FIVE POINTS LAKE",3328.416,78.74,81.28,76.2,83.82,83.82,88.9,86.36,86.36,53.34,48.26,68.58,66.04,901.7
,495,11L12S,UT,"GOOSEBERRY R.S.",2414.016,60.96,71.12,68.58,55.88,60.96,83.82,81.28,50.8,22.86,27.94,40.64,43.18,668.02
,896,11J37S,UT,HARDSCRABBLE,2209.8,88.9,129.54,147.32,144.78,134.62,119.38,119.38,106.68,48.26,25.4,40.64,53.34,1158.24
,514,12M05S,UT,"HARRIS FLAT",2377.44,53.34,45.72,43.18,53.34,58.42,55.88,30.48,30.48,20.32,27.94,45.72,48.26,513.08
,517,10J44S,UT,"HAYDEN FORK",2773.68,63.5,91.44,99.06,91.44,88.9,104.14,99.06,86.36,45.72,35.56,45.72,55.88,906.78
,521,10J04S,UT,HEWINTA,2895.6,63.5,60.96,53.34,58.42,58.42,78.74,78.74,63.5,40.64,50.8,48.26,53.34,708.66
,522,09J08S,UT,"HICKERSON PARK",2773.68,45.72,35.56,25.4,25.4,25.4,45.72,55.88,60.96,38.1,40.64,53.34,43.18,495.3
,528,10J01S,UT,HOLE-IN-ROCK,2788.92,43.18,33.02,22.86,22.86,25.4,43.18,55.88,63.5,43.18,43.18,53.34,43.18,492.76
,533,11H21S,UT,"HORSE RIDGE",2487.168,68.58,106.68,119.38,121.92,104.14,104.14,93.98,81.28,35.56,20.32,33.02,53.34,942.34
,543,10K01S,UT,"INDIAN CANYON",2773.68,58.42,63.5,55.88,58.42,63.5,63.5,43.18,43.18,25.4,33.02,38.1,48.26,594.36
,557,12L06S,UT,"KIMBERLY MINE",2834.64,73.66,78.74,78.74,78.74,93.98,121.92,111.76,71.12,33.02,43.18,50.8,48.26,883.92
,559,09J01S,UT,"KING'S CABIN",2660.904,55.88,50.8,45.72,48.26,50.8,68.58,73.66,73.66,40.64,40.64,50.8,53.34,652.78
,561,13M05S,UT,KOLOB,2819.4,53.34,66.04,78.74,91.44,127,129.54,81.28,58.42,30.48,38.1,50.8,48.26,853.44
,566,10J10S,UT,"LAKEFORK #1",3078.48,53.34,63.5,60.96,55.88,60.96,60.96,63.5,63.5,43.18,43.18,58.42,50.8,678.18
,567,10J25S,UT,"LAKEFORK BASIN",3322.32,76.2,93.98,88.9,86.36,88.9,99.06,99.06,93.98,55.88,60.96,73.66,73.66,990.6
,572,09L03S,UT,"LASAL MOUNTAIN",3002.28,78.74,78.74,81.28,99.06,91.44,116.84,111.76,60.96,27.94,43.18,60.96,60.96,911.86
,579,10J35S,UT,"LILY LAKE",2758.44,63.5,81.28,73.66,73.66,71.12,83.82,88.9,76.2,43.18,33.02,45.72,45.72,779.78
,582,11H25S,UT,"LITTLE BEAR",1996.44,73.66,99.06,109.22,114.3,111.76,96.52,83.82,86.36,40.64,30.48,33.02,50.8,929.64
,583,13M04S,UT,"LITTLE GRASSY",1859.28,43.18,55.88,66.04,81.28,101.6,76.2,43.18,25.4,15.24,20.32,45.72,43.18,617.22
,592,13M02S,UT,"LONG FLAT",2438.4,48.26,48.26,50.8,55.88,63.5,73.66,53.34,30.48,15.24,33.02,55.88,43.18,571.5
,593,12M06S,UT,"LONG VALLEY JCT",2243.328,43.18,45.72,53.34,58.42,68.58,68.58,40.64,30.48,15.24,27.94,40.64,35.56,528.32
,596,11J64S,UT,"LOOKOUT PEAK",2499.36,93.98,142.24,144.78,142.24,127,134.62,121.92,91.44,38.1,30.48,25.4,48.26,1140.46
,612,11K03S,UT,MAMMOTH-COTTONWOOD,2682.24,58.42,71.12,63.5,81.28,66.04,73.66,66.04,58.42,33.02,33.02,45.72,50.8,701.04
,621,12L12S,UT,"MERCHANT VALLEY",2667,48.26,58.42,66.04,76.2,78.74,86.36,81.28,63.5,27.94,40.64,63.5,53.34,744.22
,626,12M23S,UT,"MIDWAY VALLEY",2987.04,60.96,76.2,81.28,96.52,121.92,129.54,86.36,73.66,35.56,50.8,71.12,60.96,944.88
,628,11J65S,UT,"MILL-D NORTH",2731.008,88.9,121.92,116.84,114.3,116.84,134.62,129.54,96.52,38.1,33.02,33.02,50.8,1074.42
,631,12J07S,UT,"MINING FORK",2438.4,71.12,88.9,101.6,104.14,104.14,132.08,104.14,116.84,53.34,45.72,50.8,58.42,1031.24
,634,11H57S,UT,"MONTE CRISTO",2731.008,73.66,111.76,121.92,116.84,111.76,116.84,116.84,93.98,43.18,25.4,35.56,55.88,1023.62
,643,09J05S,UT,"MOSBY MTN.",2895.6,63.5,58.42,50.8,50.8,60.96,71.12,73.66,81.28,48.26,50.8,55.88,60.96,726.44
,684,11J52S,UT,"PARLEY'S SUMMIT",2286,83.82,93.98,93.98,88.9,88.9,101.6,88.9,78.74,38.1,27.94,33.02,55.88,873.76
,686,11K52S,UT,"PAYSON R.S.",2453.64,58.42,68.58,71.12,73.66,73.66,81.28,68.58,53.34,27.94,33.02,40.64,45.72,695.96
,691,11K39S,UT,"PICKLE KEG",2926.08,55.88,76.2,78.74,78.74,81.28,101.6,99.06,60.96,22.86,27.94,45.72,48.26,777.24
,694,12L15S,UT,"PINE CREEK",2682.24,68.58,78.74,63.5,71.12,83.82,109.22,106.68,78.74,30.48,30.48,45.72,53.34,820.42
,714,11K28S,UT,"RED PINE RIDGE",2804.16,60.96,78.74,81.28,83.82,78.74,76.2,73.66,58.42,33.02,35.56,48.26,55.88,764.54
,720,10J18S,UT,"ROCK CREEK",2407.92,48.26,55.88,50.8,53.34,63.5,50.8,45.72,53.34,35.56,43.18,50.8,50.8,601.98
,723,12J06S,UT,"ROCKY BASIN-SETTLEME",2712.72,86.36,114.3,104.14,101.6,109.22,137.16,132.08,101.6,48.26,30.48,40.64,58.42,1064.26
,742,11K09S,UT,"SEELEY CREEK",3020.568,55.88,55.88,50.8,55.88,63.5,71.12,66.04,58.42,30.48,25.4,43.18,53.34,629.92
,763,11J53S,UT,"SMITH & MOREHOUSE",2316.48,63.5,83.82,86.36,81.28,81.28,93.98,96.52,78.74,40.64,35.56,43.18,43.18,828.04
,766,11J42S,UT,SNOWBIRD,2938.272,129.54,162.56,175.26,162.56,160.02,170.18,139.7,114.3,48.26,38.1,53.34,81.28,1435.1
,790,10J20S,UT,"STEEL CREEK PARK",3078.48,60.96,71.12,60.96,63.5,71.12,86.36,99.06,76.2,43.18,50.8,50.8,50.8,784.86
,795,11J08S,UT,"STRAWBERRY DIVIDE",2560.32,71.12,86.36,104.14,101.6,99.06,96.52,81.28,58.42,33.02,25.4,38.1,53.34,848.36
,814,11J56S,UT,"THAYNES CANYON",2804.16,78.74,96.52,109.22,106.68,116.84,106.68,91.44,73.66,30.48,33.02,45.72,50.8,939.8
,820,11J21S,UT,"TIMPANOGOS DIVIDE",2481.072,83.82,99.06,111.76,119.38,116.84,109.22,78.74,78.74,43.18,38.1,48.26,66.04,993.14
,823,11H36S,UT,"TONY GROVE LAKE",2560.32,96.52,157.48,170.18,177.8,147.32,142.24,119.38,91.44,45.72,30.48,40.64,58.42,1277.62
,828,10J52S,UT,"TRIAL LAKE",3035.808,73.66,96.52,114.3,116.84,119.38,119.38,106.68,99.06,53.34,43.18,58.42,60.96,1061.72
,833,09J16S,UT,"TROUT CREEK",2865.12,55.88,58.42,50.8,43.18,53.34,76.2,73.66,68.58,53.34,53.34,53.34,53.34,693.42
,844,12K01S,UT,"VERNON CREEK",2286,53.34,68.58,63.5,73.66,76.2,78.74,58.42,58.42,27.94,20.32,30.48,38.1,647.7
,853,12M03S,UT,"WEBSTER FLAT",2804.16,58.42,68.58,66.04,73.66,91.44,101.6,78.74,55.88,27.94,48.26,71.12,53.34,795.02
,864,10K02S,UT,"WHITE RIVER #1",2606.04,48.26,63.5,66.04,66.04,58.42,55.88,48.26,45.72,25.4,30.48,35.56,38.1,581.66
,865,11M03S,UT,"WIDTSOE #3",2895.6,48.26,53.34,48.26,55.88,71.12,76.2,58.42,45.72,25.4,38.1,50.8,45.72,617.22
1,,,UT,"EAST FORK-BLACKS FORK GS",0,57.15,45.974,48.006,49.784,43.434,66.548,74.93,64.262,53.086,48.768,35.56,41.91,629.412
1,,,UT,"G.B.R.C. HEADQUARTERS",0,70.612,82.55,76.962,71.12,83.058,105.918,93.98,69.088,33.782,32.004,41.148,53.086,813.308
1,,,UT,"G.B.R.C. MAJORS",0,41.148,50.546,48.514,43.434,46.736,66.04,54.102,43.434,23.622,21.59,31.496,37.592,508.254
1,,,UT,"G.B.R.C. MEADOWS",0,81.534,91.694,89.408,89.662,106.68,128.27,116.332,83.82,42.164,38.608,45.974,60.198,974.344
1,,,UT,"G.B.R.C. OAKS",0,49.784,53.34,52.578,49.53,60.96,78.74,69.088,50.546,30.734,25.654,33.02,43.434,597.408
1,,,UT,"HENRY'S FORK",0,56.642,45.212,41.656,36.068,38.354,60.452,80.264,83.566,64.516,56.134,41.402,43.688,647.954
1,,,UT,"PANGUITCH LAKE R.S.",0,30.226,37.592,30.988,33.02,35.052,55.372,29.972,23.368,22.86,43.18,49.276,30.226,421.132
1,,,UT,"SPIRIT LAKE",0,76.708,54.61,47.244,44.45,50.292,84.836,104.902,99.06,64.516,62.738,55.118,60.198,804.672
,908,21B48S,WA,"ALPINE MEADOWS",1066.8,322.58,563.88,589.28,515.62,416.56,342.9,276.86,213.36,154.94,134.62,124.46,185.42,3840.48
,352,20B02S,WA,"BLEWETT PASS",1301.496,55.88,144.78,175.26,167.64,132.08,81.28,45.72,33.02,33.02,15.24,15.24,27.94,927.1
,375,21C38S,WA,"BUMPING RIDGE",1402.08,129.54,261.62,269.24,251.46,223.52,167.64,101.6,76.2,58.42,27.94,33.02,63.5,1663.7
,376,17A01S,WA,"BUNCHGRASS MDW",1524,99.06,185.42,175.26,152.4,139.7,124.46,104.14,116.84,99.06,66.04,50.8,63.5,1376.68
,418,21B13S,WA,"CORRAL PASS",1828.8,114.3,231.14,243.84,231.14,193.04,165.1,127,99.06,83.82,43.18,45.72,60.96,1638.3
,420,21B42S,WA,"COUGAR MOUNTAIN",975.36,226.06,398.78,406.4,347.98,289.56,246.38,190.5,142.24,111.76,66.04,68.58,134.62,2628.9
,910,21A32S,WA,"ELBOW LAKE",975.36,325.12,589.28,589.28,480.06,393.7,320.04,205.74,170.18,144.78,81.28,91.44,165.1,3556
,478,21B04S,WA,"FISH LAKE",1027.4808,132.08,279.4,294.64,215.9,200.66,132.08,76.2,58.42,40.64,33.02,40.64,58.42,1562.1
,502,21C10S,WA,"GREEN LAKE",1828.8,63.5,142.24,172.72,162.56,144.78,116.84,60.96,40.64,35.56,17.78,17.78,27.94,1003.3
,507,20B11S,WA,"GROUSE CAMP",1639.824,40.64,127,149.86,132.08,111.76,81.28,48.26,38.1,35.56,17.78,20.32,22.86,825.5
,515,20A05S,WA,"HARTS PASS",1981.2,106.68,213.36,210.82,215.9,162.56,129.54,101.6,66.04,48.26,35.56,43.18,63.5,1397
,553,22C09S,WA,"JUNE LAKE",1018.032,337.82,683.26,726.44,668.02,584.2,492.76,312.42,213.36,134.62,63.5,73.66,160.02,4450.08
,591,21C26S,WA,"LONE PINE",1158.24,195.58,388.62,414.02,360.68,363.22,276.86,185.42,132.08,81.28,35.56,50.8,99.06,2583.18
,599,21C39S,WA,"LOST HORSE",1524,45.72,127,160.02,144.78,121.92,73.66,35.56,35.56,30.48,10.16,15.24,17.78,817.88
,606,20A23S,WA,"LYMAN LAKE",1798.32,160.02,307.34,337.82,309.88,269.24,195.58,129.54,78.74,58.42,40.64,50.8,86.36,2024.38
,897,21B59S,WA,"MEADOWS PASS",1066.8,200.66,401.32,426.72,391.16,302.26,226.06,160.02,127,101.6,58.42,48.26,101.6,2545.08
,630,20A40S,WA,"MINERS RIDGE",1889.76,162.56,294.64,340.36,281.94,251.46,195.58,132.08,93.98,76.2,48.26,68.58,119.38,2065.02
,642,21C17S,WA,"MORSE LAKE",1645.92,139.7,330.2,358.14,342.9,294.64,269.24,154.94,96.52,63.5,33.02,40.64,63.5,2186.94
,644,19A13S,WA,"MOSES MTN",1615.44,38.1,88.9,86.36,81.28,104.14,86.36,58.42,66.04,60.96,38.1,17.78,25.4,751.84
,648,23B06S,WA,"MOUNT CRAG",1234.44,129.54,266.7,256.54,246.38,261.62,213.36,139.7,83.82,60.96,40.64,40.64,60.96,1800.86
,898,21B21S,WA,"MOUNT GARDNER",914.4,213.36,419.1,441.96,424.18,330.2,261.62,190.5,152.4,119.38,66.04,45.72,114.3,2778.76
,941,21C40S,WA,MOWICH,960.12,121.92,160.02,213.36,198.12,152.4,127,134.62,129.54,119.38,53.34,50.8,60.96,1521.46
,672,21B55S,WA,"OLALLIE MEADOWS",1127.76,274.32,508,538.48,472.44,398.78,330.2,246.38,172.72,119.38,71.12,66.04,139.7,3337.56
,679,21C35S,WA,PARADISE,1560.576,241.3,454.66,464.82,439.42,368.3,299.72,243.84,149.86,96.52,55.88,60.96,116.84,2992.12
,681,20A12S,WA,"PARK CREEK RIDGE",1402.08,142.24,287.02,307.34,297.18,241.3,177.8,91.44,63.5,40.64,30.48,33.02,66.04,1778
,692,21C33S,WA,"PIGTAIL PEAK",1798.32,144.78,309.88,330.2,317.5,266.7,236.22,160.02,111.76,81.28,35.56,38.1,68.58,2100.58
,699,20B24S,WA,"POPE RIDGE",1078.992,63.5,162.56,175.26,149.86,127,96.52,48.26,38.1,35.56,22.86,20.32,22.86,962.66
,702,21C14S,WA,"POTATO HILL",1371.6,116.84,248.92,276.86,266.7,213.36,175.26,124.46,104.14,73.66,35.56,35.56,66.04,1737.36
,707,17B04S,WA,"QUARTZ PEAK",1432.56,71.12,170.18,170.18,149.86,142.24,121.92,86.36,88.9,66.04,35.56,40.64,45.72,1188.72
,711,20A09S,WA,"RAINY PASS",1456.944,124.46,236.22,223.52,215.9,200.66,162.56,96.52,83.82,60.96,40.64,35.56,63.5,1544.32
,911,21B17S,WA,"REX RIVER",1219.2,228.6,434.34,444.5,426.72,309.88,254,172.72,147.32,119.38,68.58,58.42,106.68,2771.14
,728,19A02S,WA,"SALMON MEADOWS",1371.6,43.18,66.04,63.5,63.5,63.5,66.04,50.8,68.58,63.5,38.1,30.48,27.94,645.16
,734,21B51S,WA,"SASSE RIDGE",1280.16,116.84,264.16,289.56,266.7,213.36,162.56,99.06,48.26,33.02,15.24,22.86,48.26,1579.88
,748,22C10S,WA,"SHEEP CANYON",1228.344,269.24,505.46,523.24,477.52,416.56,368.3,264.16,185.42,119.38,58.42,76.2,149.86,3413.76
,912,21B60S,WA,"SKOOKUM CREEK",1194.816,304.8,515.62,528.32,533.4,370.84,337.82,261.62,205.74,190.5,96.52,63.5,162.56,3571.24
,776,21C20S,WA,"SPENCER MEADOW",1036.32,185.42,393.7,406.4,381,309.88,256.54,170.18,124.46,73.66,35.56,45.72,93.98,2476.5
,777,22C12S,WA,"SPIRIT LAKE",950.976,208.28,388.62,375.92,353.06,302.26,251.46,175.26,127,96.52,40.64,66.04,114.3,2499.36
,788,21B10S,WA,"STAMPEDE PASS",1176.528,200.66,370.84,411.48,347.98,304.8,228.6,157.48,109.22,78.74,45.72,50.8,101.6,2407.92
,791,21B01S,WA,"STEVENS PASS",1240.536,215.9,373.38,368.3,345.44,264.16,210.82,127,99.06,76.2,53.34,53.34,93.98,2280.92
,804,21C13S,WA,"SURPRISE LAKES",1295.4,177.8,408.94,449.58,421.64,330.2,274.32,190.5,127,81.28,38.1,48.26,88.9,2636.52
,817,20A07S,WA,"THUNDER BASIN",1280.16,177.8,304.8,287.02,259.08,226.06,165.1,129.54,101.6,66.04,53.34,55.88,73.66,1899.92
,899,21B20S,WA,"TINKHAM CREEK",935.736,213.36,426.72,452.12,436.88,353.06,269.24,193.04,152.4,116.84,60.96,33.02,88.9,2796.54
,824,17C05S,WA,TOUCHET,1685.544,104.14,223.52,228.6,200.66,170.18,154.94,116.84,78.74,58.42,27.94,27.94,50.8,1442.72
,832,20B25S,WA,TROUGH,1615.44,50.8,106.68,104.14,101.6,83.82,60.96,40.64,35.56,33.02,20.32,20.32,30.48,688.34
,841,20B07S,WA,"UPPER WHEELER",1341.12,53.34,111.76,101.6,96.52,88.9,55.88,43.18,43.18,40.64,17.78,15.24,27.94,695.96
,909,21A31S,WA,"WELLS CREEK",1280.16,172.72,299.72,304.8,251.46,226.06,187.96,139.7,106.68,96.52,58.42,68.58,91.44,2004.06
,863,21C28S,WA,"WHITE PASS E.S.",1371.6,104.14,190.5,198.12,190.5,152.4,109.22,60.96,45.72,38.1,15.24,22.86,38.1,1165.86
,309,07E21S,WY,"BALD MTN.",2859.024,63.5,71.12,81.28,83.82,58.42,86.36,96.52,101.6,76.2,53.34,30.48,60.96,863.6
,314,10F02S,WY,"BASE CAMP",2142.744,53.34,101.6,109.22,114.3,93.98,78.74,68.58,68.58,48.26,33.02,33.02,40.64,843.28
,317,07H04S,WY,"BATTLE MOUNTAIN",2267.712,50.8,60.96,68.58,71.12,60.96,91.44,68.58,58.42,33.02,25.4,22.86,33.02,645.16
,326,09E10S,WY,"BEAR TRAP MEADOW",2499.36,45.72,40.64,27.94,25.4,22.86,48.26,66.04,83.82,71.12,38.1,22.86,50.8,543.56
,325,07F01S,WY,"BEARTOOTH LAKE",2827.02,55.88,93.98,104.14,101.6,78.74,81.28,81.28,88.9,71.12,53.34,38.1,45.72,894.08
,931,07E32S,WY,"BIG GOOSE",2435.352,55.88,20.32,38.1,30.48,27.94,43.18,111.76,88.9,43.18,40.64,33.02,50.8,584.2
,342,09G09S,WY,"BIG SANDY OPENING",2767.584,48.26,60.96,58.42,60.96,58.42,55.88,60.96,68.58,48.26,33.02,33.02,43.18,629.92
,350,09E13S,WY,BLACKWATER,2980.944,71.12,111.76,91.44,86.36,76.2,88.9,101.6,106.68,86.36,58.42,40.64,60.96,980.44
,353,10G02S,WY,"BLIND BULL SUM",2712.72,58.42,104.14,119.38,109.22,93.98,86.36,68.58,73.66,43.18,33.02,40.64,43.18,873.76
,358,07E18S,WY,"BONE SPRINGS DIV",2849.88,66.04,58.42,60.96,58.42,50.8,78.74,91.44,101.6,83.82,55.88,43.18,71.12,820.42
,367,06H13S,WY,"BROOKLYN LAKE",3115.056,66.04,91.44,99.06,106.68,81.28,116.84,124.46,104.14,55.88,45.72,40.64,45.72,977.9
,377,07E33S,WY,"BURGESS JUNCTION",2401.824,58.42,48.26,48.26,45.72,40.64,68.58,81.28,78.74,71.12,55.88,27.94,53.34,678.18
,379,09F04S,WY,"BURROUGHS CREEK",2667,43.18,81.28,78.74,83.82,60.96,68.58,73.66,83.82,53.34,40.64,38.1,53.34,759.46
,384,10E03S,WY,CANYON,2465.832,48.26,73.66,76.2,76.2,55.88,66.04,53.34,71.12,55.88,43.18,40.64,43.18,703.58
,389,06G01S,WY,"CASPER MTN.",2392.68,66.04,66.04,50.8,43.18,55.88,83.82,129.54,114.3,55.88,35.56,27.94,38.1,767.08
,1046,06H24S,WY,"CINNABAR PARK",2953.512,48.26,63.5,76.2,60.96,63.5,60.96,76.2,76.2,48.26,50.8,33.02,50.8,708.66
,402,07E36S,WY,"CLOUD PEAK RESERVOIR",3005.328,68.58,55.88,38.1,45.72,40.64,78.74,106.68,116.84,83.82,55.88,38.1,66.04,795.02
,405,09F25S,WY,"COLD SPRINGS",2935.224,50.8,55.88,38.1,35.56,33.02,58.42,81.28,81.28,58.42,35.56,30.48,50.8,609.6
,419,10G25S,WY,"COTTONWOOD CREEK",2316.48,78.74,124.46,139.7,132.08,109.22,121.92,104.14,99.06,50.8,33.02,43.18,53.34,1089.66
,1045,05H02S,WY,"CROW CREEK",2538.984,30.48,33.02,33.02,43.18,58.42,55.88,55.88,71.12,55.88,45.72,45.72,43.18,571.5
,923,08G10S,WY,"DEER PARK",2956.56,66.04,114.3,96.52,91.44,83.82,109.22,124.46,99.06,63.5,35.56,33.02,48.26,965.2
,449,07H05S,WY,"DIVIDE PEAK",2700.528,71.12,86.36,96.52,93.98,83.82,96.52,88.9,81.28,38.1,33.02,35.56,43.18,848.36
,451,07E34S,WY,"DOME LAKE",2706.624,66.04,58.42,50.8,45.72,38.1,76.2,91.44,96.52,68.58,48.26,38.1,60.96,739.14
,460,10F17S,WY,"EAST RIM DIVIDE",2417.064,35.56,53.34,58.42,58.42,53.34,50.8,43.18,55.88,35.56,25.4,35.56,35.56,541.02
,468,09F23S,WY,"ELKHART PARK G.S.",2865.12,50.8,60.96,58.42,55.88,50.8,63.5,66.04,76.2,50.8,35.56,45.72,55.88,670.56
,472,09E11S,WY,"EVENING STAR",2804.16,73.66,134.62,121.92,116.84,106.68,93.98,111.76,114.3,88.9,63.5,40.64,58.42,1125.22
,497,10F29S,WY,"GRANITE CREEK",2063.496,45.72,91.44,104.14,106.68,93.98,68.58,58.42,63.5,45.72,33.02,30.48,35.56,777.24
,499,10E15S,WY,"GRASSY LAKE",2214.372,88.9,154.94,195.58,195.58,152.4,137.16,114.3,106.68,73.66,43.18,43.18,63.5,1369.06
,501,07F06S,WY,"GRAVE SPRINGS",2606.04,55.88,35.56,33.02,38.1,35.56,48.26,86.36,76.2,66.04,48.26,17.78,40.64,581.66
,506,10F19S,WY,"GROS VENTRE SUMMIT",2667,48.26,60.96,53.34,58.42,53.34,55.88,58.42,60.96,53.34,40.64,40.64,50.8,635
,509,10G24S,WY,"HAMS FORK",2389.632,38.1,50.8,58.42,66.04,50.8,48.26,60.96,58.42,35.56,27.94,27.94,30.48,553.72
,512,06E03S,WY,"HANSEN SAWMILL",2548.128,48.26,33.02,27.94,25.4,25.4,48.26,71.12,78.74,76.2,48.26,33.02,50.8,566.42
,525,09G03S,WY,"HOBBS PARK",3078.48,55.88,60.96,45.72,45.72,43.18,76.2,101.6,104.14,60.96,43.18,35.56,50.8,723.9
,544,10G22S,WY,"INDIAN CREEK",2872.74,68.58,109.22,132.08,116.84,109.22,116.84,96.52,76.2,40.64,27.94,33.02,43.18,970.28
,554,10G12S,WY,"KELLEY R.S.",2493.264,55.88,88.9,111.76,96.52,83.82,86.36,76.2,66.04,40.64,25.4,27.94,38.1,797.56
,555,10F15S,WY,"KENDALL R.S.",2359.152,40.64,63.5,71.12,71.12,71.12,55.88,48.26,50.8,40.64,27.94,30.48,40.64,612.14
,560,09F24S,WY,KIRWIN,2910.84,48.26,55.88,45.72,43.18,40.64,53.34,73.66,83.82,73.66,66.04,45.72,63.5,693.42
,571,05G04S,WY,"LAPRELE CREEK",2552.7,50.8,58.42,48.26,48.26,48.26,66.04,99.06,91.44,50.8,48.26,50.8,40.64,701.04
,577,10E09S,WY,"LEWIS LAKE DIVIDE",2392.68,83.82,167.64,193.04,187.96,167.64,144.78,111.76,96.52,68.58,40.64,40.64,53.34,1356.36
,585,09F08S,WY,"LITTLE WARM",2855.976,45.72,71.12,53.34,60.96,45.72,66.04,83.82,81.28,55.88,45.72,35.56,53.34,698.5
,597,10F16S,WY,"LOOMIS PARK",2511.552,48.26,76.2,86.36,88.9,76.2,71.12,58.42,66.04,38.1,33.02,45.72,50.8,739.14
,616,09E09S,WY,MARQUETTE,2670.048,60.96,43.18,30.48,22.86,33.02,58.42,99.06,109.22,81.28,53.34,40.64,63.5,695.96
,625,07F02S,WY,"MIDDLE POWDER",2365.248,68.58,55.88,48.26,38.1,33.02,71.12,86.36,83.82,68.58,40.64,22.86,53.34,670.56
,661,09F21S,WY,"NEW FORK LAKE",2542.032,40.64,55.88,53.34,50.8,43.18,45.72,50.8,63.5,45.72,30.48,38.1,43.18,561.34
,668,06H20S,WY,"NORTH FRENCH CREEK",3087.624,88.9,101.6,114.3,111.76,96.52,116.84,124.46,116.84,60.96,55.88,40.64,50.8,1079.5
,673,06H10S,WY,"OLD BATTLE",3023.616,93.98,142.24,170.18,162.56,154.94,160.02,129.54,109.22,50.8,38.1,40.64,55.88,1308.1
,676,08F01S,WY,"OWL CREEK",2735.58,30.48,25.4,17.78,20.32,17.78,38.1,58.42,73.66,60.96,43.18,27.94,45.72,459.74
,683,09E07S,WY,"PARKER PEAK",2865.12,60.96,78.74,68.58,73.66,66.04,68.58,78.74,93.98,73.66,43.18,35.56,45.72,787.4
,689,10F23S,WY,"PHILLIPS BENCH",2499.36,63.5,124.46,154.94,152.4,129.54,121.92,93.98,88.9,58.42,33.02,40.64,50.8,1112.52
,703,07E06S,WY,"POWDER RIVER PASS",2889.504,50.8,53.34,48.26,58.42,43.18,60.96,86.36,96.52,73.66,43.18,30.48,53.34,698.5
,716,06G02S,WY,"RENO HILL",2590.8,66.04,63.5,53.34,53.34,55.88,88.9,132.08,114.3,48.26,40.64,38.1,40.64,795.02
,1015,07H06S,WY,"SAGE CREEK BASIN",2392.68,40.64,50.8,55.88,53.34,50.8,55.88,50.8,45.72,22.86,20.32,20.32,22.86,490.22
,730,10G08S,WY,"SALT RIVER SUMMIT",2316.48,50.8,76.2,101.6,91.44,81.28,81.28,66.04,63.5,35.56,27.94,35.56,43.18,754.38
,731,06H23S,WY,"SAND LAKE",3063.24,81.28,101.6,111.76,109.22,86.36,124.46,129.54,127,60.96,43.18,40.64,45.72,1061.72
,732,07H03S,WY,"SANDSTONE RS",2484.12,60.96,78.74,86.36,91.44,81.28,78.74,78.74,73.66,38.1,33.02,40.64,40.64,782.32
,751,07E23S,WY,"SHELL CREEK",2919.984,53.34,60.96,55.88,66.04,38.1,66.04,86.36,93.98,86.36,48.26,33.02,58.42,746.76
,764,10E12S,WY,"SNAKE RIVER STATION",2109.216,58.42,104.14,116.84,116.84,99.06,76.2,76.2,73.66,58.42,38.1,35.56,43.18,896.62
,765,10G13S,WY,"SNIDER BASIN",2456.688,43.18,71.12,86.36,81.28,66.04,66.04,55.88,48.26,33.02,20.32,27.94,33.02,632.46
,772,06H19S,WY,"SOUTH BRUSH CREEK",2572.512,68.58,63.5,66.04,78.74,60.96,78.74,93.98,88.9,50.8,45.72,40.64,53.34,789.94
,775,08G03S,WY,"SOUTH PASS",2755.392,55.88,96.52,81.28,76.2,71.12,91.44,104.14,83.82,53.34,30.48,27.94,40.64,812.8
,779,10G20S,WY,"SPRING CREEK DIVIDE",2743.2,68.58,116.84,144.78,134.62,106.68,109.22,86.36,73.66,43.18,30.48,38.1,48.26,1000.76
,786,09F27S,WY,"ST. LAWRENCE ALT",2627.376,45.72,43.18,27.94,27.94,33.02,48.26,81.28,78.74,58.42,35.56,27.94,38.1,546.1
,798,07E12S,WY,"SUCKER CREEK",2706.624,63.5,50.8,55.88,53.34,43.18,78.74,96.52,104.14,78.74,50.8,33.02,58.42,767.08
,806,10E06S,WY,"SYLVAN LAKE",2566.416,68.58,111.76,99.06,96.52,78.74,81.28,91.44,109.22,78.74,50.8,33.02,48.26,947.42
,807,10E20S,WY,"SYLVAN ROAD",2170.176,55.88,111.76,88.9,81.28,58.42,55.88,68.58,71.12,63.5,38.1,33.02,43.18,769.62
,816,10E07S,WY,"THUMB DIVIDE",2432.304,53.34,83.82,93.98,91.44,83.82,78.74,73.66,71.12,50.8,30.48,27.94,35.56,774.7
,818,07E39S,WY,"TIE CREEK",2093.976,66.04,27.94,35.56,43.18,27.94,50.8,91.44,93.98,76.2,33.02,40.64,50.8,637.54
,819,09E03S,WY,"TIMBER CREEK",2423.16,43.18,33.02,17.78,20.32,22.86,50.8,78.74,99.06,58.42,43.18,38.1,55.88,561.34
,822,10F09S,WY,"TOGWOTEE PASS",2919.984,73.66,111.76,119.38,121.92,99.06,106.68,104.14,93.98,58.42,45.72,43.18,55.88,1033.78
,826,08G07S,WY,"TOWNSEND CREEK",2651.76,55.88,58.42,38.1,33.02,40.64,71.12,96.52,83.82,55.88,35.56,27.94,53.34,650.24
,831,10G15S,WY,"TRIPLE PEAK",2590.8,58.42,106.68,119.38,127,114.3,111.76,88.9,83.82,50.8,33.02,38.1,45.72,977.9
,837,10E17S,WY,"TWO OCEAN PLATEAU",2816.352,81.28,127,134.62,127,124.46,116.84,104.14,106.68,73.66,50.8,43.18,55.88,1145.54
,852,06H09S,WY,"WEBBER SPRINGS",2819.4,81.28,116.84,132.08,127,104.14,119.38,109.22,91.44,43.18,38.1,40.64,55.88,1059.18
,859,06H22S,WY,"WHISKEY PARK",2727.96,76.2,121.92,137.16,157.48,101.6,137.16,127,101.6,53.34,43.18,35.56,48.26,1140.46
,868,10G23S,WY,"WILLOW CREEK",2575.56,96.52,142.24,154.94,160.02,132.08,142.24,129.54,124.46,66.04,48.26,50.8,68.58,1315.72
,872,05G05S,WY,"WINDY PEAK",2407.92,45.72,48.26,45.72,38.1,38.1,53.34,73.66,91.44,53.34,45.72,35.56,38.1,607.06
,875,09E08S,WY,WOLVERINE,2331.72,48.26,66.04,63.5,55.88,50.8,43.18,58.42,78.74,55.88,45.72,40.64,45.72,652.78
,878,09F18S,WY,"YOUNTS PEAK",2545.08,48.26,83.82,76.2,81.28,55.88,68.58,63.5,83.82,66.04,58.42,48.26,60.96,795.02
1,,,WY,"ONION GULCH",0,38.1,38.1,35.56,43.18,33.02,50.8,71.12,86.36,53.34,48.26,33.02,43.18,574.04
1,,,WY,"SAGE CK BASIN SNTL",0,40.64,50.8,55.88,53.34,50.8,55.88,50.8,45.72,22.86,20.32,20.32,22.86,490.22
1,,,WY,"TIMBER CREEK",0,33.02,30.48,20.32,22.86,22.86,48.26,76.2,96.52,53.34,43.18,40.64,50.8,538.48
