start_date,end_date,"station id",lat,lon,elev
1990/10/01,2100/01/01,581,47.21,-105.19,2871
2009/09/29,2100/01/01,1142,46.49,-115.8,3080
1988/10/01,2100/01/01,674,43.32,-116,3200
1979/10/01,2100/01/01,752,46.95,-116.34,3200
2011/06/29,2100/01/01,1179,48.96,-110.87,3269
2003/10/01,2100/01/01,1053,48.72,-116.46,3520
2011/06/29,2100/01/01,1180,48.8,-111.05,3917
2006/08/22,2100/01/01,1081,47.86,-117.04,4210
1978/10/01,2100/01/01,535,47.53,-115.78,4250
1996/07/15,2100/01/01,918,48.98,-115.82,4250
1978/10/01,2100/01/01,500,48.91,-114.77,4300
1979/10/01,2100/01/01,469,48.43,-113.94,4350
2011/06/29,2100/01/01,1181,48.89,-111.09,4408
1986/10/01,2100/01/01,808,45.8,-111.59,4474
1989/10/01,2100/01/01,623,47.15,-116.27,4510
1982/10/01,2100/01/01,747,46.57,-115.74,4570
1978/10/01,2100/01/01,604,46.88,-113.32,4680
1996/06/11,2100/01/01,917,48.17,-109.65,4700
2000/10/01,2100/01/01,989,46.81,-116.85,4700
1979/10/01,2100/01/01,562,47.43,-113.78,4750
1979/10/01,2100/01/01,704,43.51,-115.57,4800
2010/01/09,2100/01/01,1165,48.2,-114.52,4820
2001/10/01,2100/01/01,1016,44.79,-116.09,4890
1978/10/01,2100/01/01,613,48.8,-113.67,4900
1991/10/01,2100/01/01,346,47.68,-114,4920
2000/10/01,2100/01/01,979,44.38,-116.34,4920
1978/10/01,2100/01/01,510,48.31,-114.84,5035
2000/09/20,2100/01/01,988,48.89,-116.76,5040
1998/07/21,2100/01/01,932,48.13,-115.62,5100
1978/10/01,2100/01/01,594,47.46,-115.71,5140
2011/10/12,2100/01/01,1190,47.86,-114.76,5150
1978/10/01,2100/01/01,413,47.06,-112.6,5200
1978/10/01,2100/01/01,645,48.06,-116.23,5200
1982/10/01,2100/01/01,588,46.63,-114.58,5240
1979/10/01,2100/01/01,319,44.95,-116.14,5350
1978/10/01,2100/01/01,423,44.29,-115.66,5380
1979/10/01,2100/01/01,323,48.31,-116.07,5400
1978/10/01,2100/01/01,803,47.56,-115.82,5540
1979/10/01,2100/01/01,855,45.07,-116.45,5560
1986/10/01,2100/01/01,311,48.57,-115.45,5600
1978/10/01,2100/01/01,410,46.47,-113.39,5600
1979/10/01,2100/01/01,835,46.14,-114.45,5600
1978/10/01,2100/01/01,847,47.92,-112.79,5600
1999/08/31,2100/01/01,2029,43.07,-116.75,5600
1979/10/01,2100/01/01,662,45.73,-114.48,5650
2010/08/25,2100/01/01,1144,47.98,-114.25,5650
1982/10/01,2100/01/01,466,46.84,-116.12,5690
1978/10/01,2100/01/01,496,43.95,-115.27,5690
1991/10/01,2100/01/01,382,43.27,-115.35,5710
1979/10/01,2100/01/01,654,42.6,-116.56,5730
1986/10/01,2100/01/01,769,43.48,-114.83,5740
1982/10/01,2100/01/01,458,48.06,-112.76,5750
1979/10/01,2100/01/01,433,46.18,-113.85,5780
1983/10/01,2100/01/01,520,46.48,-115.63,5810
1979/10/01,2100/01/01,333,41.38,-111.92,5829
1988/10/01,2100/01/01,750,41.9,-119.44,5860
2000/10/01,2100/01/01,981,45.24,-109.46,5880
2000/06/13,2100/01/01,982,44.49,-104.41,5910
1979/10/01,2100/01/01,693,48.3,-113.33,5930
1983/10/01,2100/01/01,425,46.56,-115.29,5960
1978/10/01,2100/01/01,876,47.45,-112.81,5960
1979/10/01,2100/01/01,569,41.52,-117.63,6000
1978/10/01,2100/01/01,787,48.91,-114.86,6030
1978/10/01,2100/01/01,664,48.16,-113.95,6040
1978/10/01,2100/01/01,427,46.79,-109.51,6050
1979/10/01,2100/01/01,530,46.98,-115.03,6050
2010/06/15,2100/01/01,1118,41.22,-111.36,6083
1979/10/01,2100/01/01,738,48.37,-116.64,6090
1985/10/01,2100/01/01,583,37.49,-113.85,6100
1978/10/01,2100/01/01,637,43.93,-115.67,6100
1979/10/01,2100/01/01,600,47.07,-115.96,6110
2002/09/16,2008/07/15,1038,48.37,-116.64,6110
1991/10/01,2100/01/01,783,47.18,-114.33,6150
1982/10/01,2100/01/01,735,46.47,-114.63,6170
1979/10/01,2100/01/01,324,44.61,-116.98,6180
1979/10/01,2100/01/01,638,45.67,-113.95,6200
1979/10/01,2100/01/01,811,41.23,-116.03,6200
1979/10/01,2100/01/01,782,44.77,-116.25,6240
1986/10/01,2100/01/01,370,45.04,-116.13,6250
1978/10/01,2100/01/01,657,46.87,-113.28,6250
2009/06/08,2100/01/01,1113,41.88,-111.57,6250
1983/10/01,2100/01/01,411,46.76,-115.3,6280
1979/10/01,2100/01/01,546,44.42,-111.39,6290
1978/10/01,2100/01/01,482,48.8,-113.86,6300
1988/10/01,2100/01/01,667,47.27,-113.76,6330
2008/06/19,2100/01/01,1105,45.5,-110.08,6335
1999/09/21,2100/01/01,978,43.76,-116.1,6340
1979/10/01,2100/01/01,650,45.7,-115.23,6360
1978/10/01,2100/01/01,649,47.92,-112.82,6400
1978/10/01,2100/01/01,836,46.14,-114.51,6400
1978/10/01,2100/01/01,381,45.88,-113.33,6430
1992/10/01,2100/01/01,895,43.77,-114.42,6440
1978/10/01,2100/01/01,437,46.79,-110.68,6450
1986/10/01,2100/01/01,516,48.97,-115.95,6450
1978/10/01,2100/01/01,487,46.44,-112.19,6480
1979/10/01,2100/01/01,867,42.76,-112.48,6490
1979/10/01,2100/01/01,445,41.97,-118.19,6500
1978/10/01,2100/01/01,700,46.11,-110.47,6500
1978/10/01,2100/01/01,774,42.76,-116.9,6500
1979/10/01,2100/01/01,740,45.19,-115.97,6520
1978/10/01,2100/01/01,582,41.41,-111.83,6544
1999/09/30,2100/01/01,929,45.87,-110.93,6550
1995/10/01,2100/01/01,1009,46.93,-110.9,6550
1979/10/01,2100/01/01,492,43.61,-113.93,6560
2011/09/12,2100/01/01,1195,40.88,-117.59,6560
1978/10/01,2100/01/01,749,43.21,-111.69,6570
1979/10/01,2100/01/01,338,44.63,-115.79,6580
1978/10/01,2100/01/01,690,46.58,-111.27,6650
1978/10/01,2100/01/01,363,45.27,-110.25,6670
1978/10/01,2100/01/01,573,41.78,-116.03,6697
1978/10/01,2100/01/01,336,41.76,-115.69,6700
1998/08/24,2100/01/01,924,44.66,-111.09,6700
1999/09/01,2100/01/01,972,40.83,-111.76,6700
1988/10/01,2100/01/01,695,43.57,-111.21,6720
1979/10/01,2100/01/01,677,42.26,-112.13,6740
2004/08/26,2100/01/01,1065,37.5,-113.94,6763
1987/10/01,2100/01/01,497,43.34,-110.43,6770
2003/10/01,2100/01/01,1054,40.99,-111.82,6779
1984/10/01,2100/01/01,646,47.68,-113.96,6780
1978/10/01,2100/01/01,770,42.95,-111.36,6800
1978/10/01,2100/01/01,858,44.61,-111.15,6800
1979/10/01,2100/01/01,424,44.44,-111.99,6860
1978/10/01,2100/01/01,439,44.54,-115.56,6860
1978/10/01,2100/01/01,578,45.5,-110.97,6860
1994/08/30,2100/01/01,818,44.81,-107.41,6870
1979/10/01,2100/01/01,610,42.18,-114.29,6880
1987/10/01,2100/01/01,893,46.35,-111.85,6880
1979/10/01,2100/01/01,307,48.13,-113.02,6900
1978/10/01,2100/01/01,877,33.81,-110.92,6900
1979/10/01,2100/01/01,373,41.75,-117.53,6915
1989/10/01,2100/01/01,764,44.13,-110.67,6920
1979/10/01,2100/01/01,493,42.41,-111.17,6930
1978/10/01,2100/01/01,414,47.08,-112.73,6950
1979/10/01,2100/01/01,476,41.82,-116.1,7000
1987/10/01,2100/01/01,753,44.98,-111.95,7000
1993/10/01,2100/01/01,903,46.84,-112.51,7020
1979/10/01,2100/01/01,314,43.95,-110.45,7030
1979/10/01,2100/01/01,312,44.3,-115.23,7040
1979/10/01,2100/01/01,550,44.05,-115.44,7070
1994/08/30,2100/01/01,906,40.57,-112.17,7093
1978/10/01,2100/01/01,746,41.74,-115.47,7100
2009/05/15,2100/01/01,1139,35.26,-112.06,7100
1986/10/01,2100/01/01,807,44.48,-110.04,7120
1989/10/01,2100/01/01,871,42.01,-115,7120
1979/10/01,2100/01/01,315,45.8,-112.52,7180
1978/10/01,2100/01/01,861,35.14,-112.15,7180
1982/10/01,2100/01/01,454,41.66,-115.32,7200
1978/10/01,2100/01/01,488,35.07,-111.84,7200
1998/08/17,2100/01/01,930,46.13,-113.31,7200
1978/10/01,2100/01/01,349,46.41,-113.43,7210
1978/10/01,2100/01/01,761,42.56,-111.3,7225
1978/10/01,2100/01/01,548,41.55,-116.01,7250
1979/10/01,2100/01/01,760,46.24,-113.77,7250
1993/10/01,2100/01/01,896,40.87,-111.72,7250
1978/10/01,2100/01/01,499,44.13,-110.83,7265
1978/10/01,2100/01/01,308,34.46,-111.41,7300
1994/09/30,2100/01/01,365,45.89,-110.94,7320
1978/10/01,2100/01/01,670,45.01,-110.01,7350
2008/06/26,2100/01/01,1121,35.27,-111.74,7350
1979/10/01,2100/01/01,471,42.36,-111.56,7390
1978/10/01,2100/01/01,568,44.59,-111.82,7400
1994/07/26,2100/01/01,901,47,-113.93,7400
2000/08/21,2100/01/01,1006,40.36,-116.86,7400
2009/06/10,2100/01/01,1115,41.97,-111.6,7400
2010/06/17,2100/01/01,1145,41.25,-111.41,7400
1978/10/01,2100/01/01,844,39.94,-112.41,7401
2001/10/01,2100/01/01,1013,41.79,-111.55,7406
1993/10/01,2100/01/01,1008,46.91,-110.85,7410
1979/10/01,2100/01/01,792,43.86,-114.21,7430
1985/10/01,2100/01/01,317,41.05,-107.27,7440
1979/10/01,2100/01/01,537,43.71,-114.16,7440
1979/10/01,2100/01/01,636,44.41,-113.4,7440
1985/10/01,2100/01/01,593,37.49,-112.51,7464
1979/10/01,2100/01/01,489,43.88,-114.67,7470
1979/10/01,2100/01/01,359,42.16,-114.19,7500
1978/10/01,2100/01/01,640,34.94,-111.52,7500
1978/10/01,2100/01/01,684,40.76,-111.63,7500
1978/10/01,2100/01/01,306,43.76,-115.24,7580
1978/10/01,2100/01/01,355,45.17,-113.5,7600
1979/10/01,2100/01/01,639,44.84,-114.27,7600
1978/10/01,2100/01/01,763,40.79,-111.12,7600
1995/08/24,2100/01/01,919,46.67,-110.33,7600
2008/07/09,2100/01/01,1106,46.48,-110.71,7600
2009/07/28,2100/01/01,1114,41.92,-111.47,7600
1999/06/14,2100/01/01,969,34.75,-111.41,7630
1978/10/01,2100/01/01,519,34.31,-110.75,7640
1978/10/01,2100/01/01,805,43.63,-113.97,7640
2011/09/12,2100/01/01,1194,41.49,-119,7649
1979/10/01,2100/01/01,875,44.8,-109.66,7650
1978/10/01,2100/01/01,400,39.89,-111.25,7659
1982/10/01,2100/01/01,419,42.65,-110.81,7670
1979/10/01,2100/01/01,570,40.65,-115.38,7700
2009/05/18,2100/01/01,1140,34.46,-111.38,7700
2002/10/01,2100/01/01,1039,40.28,-111.61,7702
1979/10/01,2100/01/01,860,44.53,-111.41,7710
1985/10/01,2100/01/01,555,43.25,-110.02,7740
1999/08/02,2100/01/01,971,40.93,-111.81,7740
1988/10/01,2100/01/01,609,44.59,-111.12,7750
2009/07/07,2100/01/01,1136,41.32,-116.34,7750
1978/10/01,2100/01/01,625,43.63,-107.18,7760
1978/10/01,2100/01/01,730,42.51,-110.91,7760
1978/10/01,2100/01/01,830,43.63,-115.44,7770
2010/07/12,2100/01/01,1146,39.35,-112.19,7772
1978/10/01,2100/01/01,514,37.49,-112.58,7787
1978/10/01,2100/01/01,448,44.79,-112.06,7800
1979/10/01,2100/01/01,850,46.27,-113.16,7800
1985/10/01,2100/01/01,509,42.15,-110.68,7840
1984/10/01,2100/01/01,328,44.95,-111.36,7850
1978/10/01,2100/01/01,407,45.19,-109.35,7850
1978/10/01,2100/01/01,577,44.21,-110.67,7850
1988/10/01,2100/01/01,741,42.52,-111.96,7850
1983/10/01,2100/01/01,866,33.76,-109.48,7850
2001/10/01,2100/01/01,1015,41.4,-107.26,7850
2011/06/22,2100/01/01,1137,39.45,-115.98,7860
1980/10/01,2100/01/01,384,44.72,-110.51,7870
1979/10/01,2100/01/01,377,44.79,-107.53,7880
1978/10/01,2100/01/01,615,39.16,-119.9,7880
1979/10/01,2100/01/01,720,40.55,-110.69,7889
1979/10/01,2100/01/01,320,43.74,-113.94,7900
1978/10/01,2100/01/01,389,42.73,-106.32,7900
1979/10/01,2100/01/01,527,40.94,-115.1,7900
1979/10/01,2100/01/01,601,43.82,-114.26,7900
1979/10/01,2100/01/01,603,45.51,-111.92,7900
1979/10/01,2100/01/01,872,42.28,-105.58,7900
2011/07/26,2100/01/01,1155,39.46,-114.65,7900
1985/10/01,2100/01/01,460,43.13,-110.2,7930
1979/10/01,2100/01/01,705,34.37,-111.01,7930
1978/10/01,2100/01/01,727,45.69,-113.97,7940
1978/10/01,2100/01/01,360,46.56,-111.29,7950
1978/10/01,2100/01/01,374,41.68,-111.42,7950
1978/10/01,2100/01/01,495,38.8,-111.68,7950
1986/10/01,2100/01/01,819,44.03,-109.18,7950
2011/07/29,2100/01/01,1150,39.56,-114.63,7965
1979/10/01,2100/01/01,329,39.14,-111.56,7970
2008/06/02,2100/01/01,1110,36.25,-115.63,7975
1978/10/01,2100/01/01,534,42.32,-113.62,7980
1987/10/01,2100/01/01,816,44.37,-110.58,7980
1993/10/01,2100/01/01,902,33.69,-109.22,7990
1998/07/22,2100/01/01,931,44.58,-107.2,7990
1978/10/01,2100/01/01,332,41.38,-111.94,8000
1978/10/01,2100/01/01,432,40.36,-111.09,8000
1978/10/01,2100/01/01,474,40.97,-111.81,8000
1978/10/01,2100/01/01,486,33.74,-108.95,8000
1978/10/01,2100/01/01,503,40.38,-115.53,8000
1979/10/01,2100/01/01,524,44.02,-113.47,8000
1978/10/01,2100/01/01,592,37.51,-113.4,8000
1978/10/01,2100/01/01,722,46.36,-112.26,8000
1978/10/01,2100/01/01,813,44.79,-111.71,8000
2009/06/24,2100/01/01,1135,40.98,-110.85,8000
1983/10/01,2100/01/01,443,39.56,-115.84,8033
1978/10/01,2100/01/01,435,40.29,-111.26,8037
1978/10/01,2100/01/01,321,41.83,-115.45,8040
1979/10/01,2100/01/01,765,42.49,-110.53,8060
1979/10/01,2100/01/01,686,39.93,-111.63,8066
1978/10/01,2100/01/01,484,42.05,-111.6,8085
1978/10/01,2100/01/01,453,40.89,-115.2,8100
1978/10/01,2100/01/01,576,44.99,-113.44,8100
1980/10/01,2100/01/01,725,46.09,-110.43,8100
1978/10/01,2100/01/01,754,45.4,-110.96,8100
1978/10/01,2100/01/01,781,46.78,-110.62,8100
1978/10/01,2100/01/01,795,40.19,-111.22,8123
1978/10/01,2100/01/01,820,40.43,-111.62,8140
1985/10/01,2100/01/01,732,41.11,-107.17,8150
1978/10/01,2100/01/01,393,40.89,-111.07,8158
1978/10/01,2100/01/01,533,41.31,-111.45,8160
1978/10/01,2100/01/01,347,44.51,-111.13,8170
1979/10/01,2100/01/01,554,42.27,-110.81,8180
1979/10/01,2100/01/01,325,43.89,-107.06,8200
1987/10/01,2100/01/01,596,40.84,-111.71,8200
1978/10/01,2100/01/01,689,43.52,-110.91,8200
1996/10/01,2100/01/01,921,35.7,-105.81,8210
2004/07/19,2100/01/01,1056,41.36,-111.49,8215
1987/10/01,2100/01/01,631,40.49,-112.61,8221
1979/10/01,2100/01/01,597,43.17,-110.14,8240
1983/10/01,2100/01/01,340,39.46,-119.94,8249
1979/10/01,2100/01/01,313,46.1,-113.13,8250
2007/06/10,2100/01/01,1098,41.9,-111.51,8270
1978/10/01,2100/01/01,330,40.61,-111.1,8280
1979/10/01,2100/01/01,656,45.41,-112.96,8300
1996/09/11,2100/01/01,916,45.6,-111.96,8300
1985/10/01,2100/01/01,461,39.31,-109.53,8301
2004/08/26,2100/01/01,1066,37.4,-113.46,8322
1979/10/01,2100/01/01,698,41.87,-115.25,8330
2003/08/07,2100/01/01,1045,41.23,-105.38,8330
1985/10/01,2100/01/01,661,43.11,-109.95,8340
2011/07/18,2100/01/01,1184,38.79,-111.69,8347
1978/10/01,2100/01/01,455,41.41,-111.54,8350
1980/08/28,2100/01/01,878,43.93,-109.82,8350
1979/10/01,2100/01/01,512,44.26,-106.98,8360
1978/10/01,2100/01/01,755,32.92,-108.15,8360
1978/10/01,2100/01/01,571,42.44,-105.86,8375
1979/10/01,2100/01/01,868,42.82,-110.84,8380
1978/10/01,2100/01/01,823,41.9,-111.63,8386
1978/10/01,2100/01/01,394,36.96,-106.66,8400
1978/10/01,2100/01/01,416,33.8,-109.15,8400
1979/10/01,2100/01/01,457,40.53,-106.78,8400
1980/10/01,2100/01/01,716,42.57,-106.09,8400
2010/08/18,2100/01/01,1130,43.67,-109.38,8400
1979/10/01,2100/01/01,450,43.6,-114.67,8420
1980/10/01,2100/01/01,549,41.53,-116.01,8420
1978/10/01,2100/01/01,806,44.48,-110.16,8420
1978/10/01,2100/01/01,772,41.33,-106.5,8440
1998/08/10,2100/01/01,933,35.23,-108.27,8460
2009/08/11,2100/01/01,1116,40.55,-110.35,8464
1978/10/01,2100/01/01,417,40.28,-115.53,8500
1978/10/01,2100/01/01,595,33.36,-107.83,8500
1985/10/01,2100/01/01,831,42.76,-110.59,8500
2010/10/18,2100/01/01,992,40.89,-110.83,8500
2002/11/15,2100/01/01,1041,39.6,-106.51,8500
2008/06/02,2100/01/01,1125,34.97,-111.51,8500
2008/06/02,2100/01/01,1127,33.9,-109.16,8500
1995/09/26,2100/01/01,915,44.85,-113.84,8540
1979/10/01,2100/01/01,498,41.67,-117.57,8543
1991/10/01,2100/01/01,501,43.47,-107.24,8550
1978/10/01,2100/01/01,403,45.02,-111.85,8600
1979/10/01,2100/01/01,412,40.21,-105.57,8600
1979/10/01,2100/01/01,436,45.17,-113.58,8600
1979/10/01,2100/01/01,744,36,-106.83,8600
2006/09/14,2100/01/01,1083,36.13,-105.53,8600
1983/10/01,2100/01/01,786,43.03,-109.17,8620
2008/06/02,2100/01/01,1112,36.31,-115.68,8626
1978/10/01,2100/01/01,864,39.96,-110.99,8641
1978/10/01,2100/01/01,353,42.96,-110.61,8650
2007/08/29,2100/01/01,1097,39.68,-110.43,8684
1979/10/01,2100/01/01,337,39.29,-117.11,8695
1978/10/01,2100/01/01,467,40.85,-106.97,8700
1985/10/01,2100/01/01,658,39.3,-106.61,8700
1979/10/01,2100/01/01,826,42.7,-108.9,8700
1978/10/01,2100/01/01,862,45.05,-109.91,8700
1979/10/01,2100/01/01,621,38.3,-112.44,8703
1985/10/01,2100/01/01,793,40.23,-105.92,8720
2010/08/06,2100/01/01,1132,44.35,-107.02,8720
1978/10/01,2100/01/01,559,40.72,-109.54,8724
1978/10/01,2100/01/01,612,39.68,-111.32,8727
1985/10/01,2100/01/01,366,40.6,-111.58,8750
1978/10/01,2100/01/01,379,43.7,-109.67,8750
1978/10/01,2100/01/01,506,43.39,-110.13,8750
1979/10/01,2100/01/01,616,44.3,-109.24,8760
1978/10/01,2100/01/01,490,43.87,-114.71,8780
1984/10/01,2100/01/01,694,38.97,-112.25,8790
1978/10/01,2100/01/01,627,44.47,-114.49,8800
1979/10/01,2100/01/01,652,39.32,-119.89,8801
2010/08/23,2100/01/01,1149,38.51,-111.77,8818
1979/10/01,2100/01/01,696,45.42,-110.09,8830
1978/10/01,2100/01/01,318,44.47,-112.98,8850
1979/10/01,2100/01/01,635,45.22,-110.24,8850
2010/08/04,2100/01/01,1131,44.54,-107.18,8870
2010/10/22,2100/01/01,1162,40.96,-110.58,8870
1978/10/01,2100/01/01,386,37.65,-107.81,8880
1979/10/01,2100/01/01,449,41.3,-107.15,8880
1978/10/01,2100/01/01,451,44.57,-107.3,8880
1991/10/01,2100/01/01,590,45.27,-111.43,8880
1979/10/01,2100/01/01,607,40.08,-106.67,8880
1978/10/01,2100/01/01,798,44.72,-107.4,8880
1979/10/01,2100/01/01,723,40.44,-112.22,8900
1994/09/16,2100/01/01,907,37.52,-112.27,8900
1978/10/01,2100/01/01,399,39.87,-111.28,8908
2004/07/27,2100/01/01,1047,41.07,-106.94,8915
1990/10/01,2100/01/01,387,37.66,-107.8,8920
2010/10/01,2100/01/01,1161,40.89,-105.66,8920
2001/09/19,2100/01/01,1014,39.8,-106.03,8940
1985/10/01,2100/01/01,859,41,-106.91,8950
1978/10/01,2100/01/01,634,41.47,-111.5,8960
1978/10/01,2100/01/01,845,43.8,-114.85,8960
1987/10/01,2100/01/01,628,40.66,-111.64,8967
1985/10/01,2100/01/01,383,37.81,-109.49,8968
1979/10/01,2100/01/01,676,43.66,-109.01,8975
2008/06/02,2100/01/01,1111,36.32,-115.7,8979
1978/10/01,2100/01/01,392,40.85,-111.05,8993
2010/08/11,2100/01/01,1151,41.92,-113.41,8994
2011/09/14,2100/01/01,1153,37.87,-109.45,8998
1982/10/01,2100/01/01,385,44.96,-111.29,9000
1978/10/01,2100/01/01,757,33.37,-108.71,9000
1978/10/01,2100/01/01,779,42.53,-110.66,9000
2010/08/04,2100/01/01,1134,42.58,-109.09,9000
1978/10/01,2100/01/01,714,39.45,-111.27,9009
1978/10/01,2100/01/01,511,33.65,-109.31,9020
2002/09/09,2100/01/01,1032,40.71,-106.01,9020
1980/10/01,2100/01/01,688,40.4,-105.85,9030
1984/10/01,2100/01/01,775,42.57,-108.84,9040
2009/05/12,2100/01/01,1138,36.18,-108.95,9050
1978/10/01,2100/01/01,342,42.65,-109.26,9080
2004/10/01,2100/01/01,1061,40.06,-107.01,9080
1979/10/01,2100/01/01,334,39.32,-114.62,9100
1985/10/01,2100/01/01,426,40.17,-107.06,9100
1978/10/01,2100/01/01,480,45.06,-109.94,9100
1985/10/01,2100/01/01,739,37.65,-108.01,9100
2011/07/14,2100/01/01,1172,36.86,-106.23,9100
2010/08/23,2100/01/01,1156,38.5,-112.01,9105
1978/10/01,2100/01/01,310,33.98,-109.5,9125
1979/10/01,2100/01/01,557,38.48,-112.39,9129
1984/10/01,2100/01/01,522,40.91,-109.96,9145
1984/10/01,2100/01/01,528,40.92,-110.19,9150
1979/10/01,2100/01/01,620,44.44,-113.32,9150
1979/10/01,2100/01/01,579,40.86,-110.8,9156
1978/10/01,2100/01/01,408,40.39,-106.6,9160
1979/10/01,2100/01/01,853,37.57,-112.9,9170
1978/10/01,2100/01/01,543,39.89,-110.75,9175
1978/10/01,2100/01/01,444,39.05,-111.47,9182
1979/10/01,2100/01/01,472,44.65,-109.78,9200
1978/10/01,2100/01/01,617,33.92,-109.46,9200
1984/10/01,2100/01/01,669,39.08,-107.14,9200
1979/10/01,2100/01/01,849,39.13,-114.96,9200
2009/10/01,2100/01/01,1143,36.33,-109.06,9200
1978/10/01,2100/01/01,561,37.53,-113.05,9206
1978/10/01,2100/01/01,517,40.8,-110.88,9212
1987/10/01,2100/01/01,814,40.62,-111.53,9230
1979/10/01,2100/01/01,837,44.15,-110.22,9240
1995/09/15,2100/01/01,913,40.23,-106.6,9240
2003/09/25,2100/01/01,1048,33.01,-107.87,9240
1978/10/01,2100/01/01,852,41.16,-106.93,9250
2006/08/21,2100/01/01,1082,43.78,-110.93,9260
1978/10/01,2100/01/01,316,36.51,-106.32,9300
2001/10/01,2100/01/01,1017,36.03,-106.81,9306
2010/10/21,2100/01/01,1163,40.88,-110.54,9308
1998/08/07,2100/01/01,940,40.82,-106.75,9320
2002/08/14,2100/01/01,1033,40.79,-106.6,9340
1978/10/01,2100/01/01,358,44.68,-107.58,9350
2010/08/09,2100/01/01,1170,36.41,-105.33,9350
1979/10/01,2100/01/01,326,44.94,-109.57,9360
2009/09/10,2100/01/01,1133,42.71,-109.41,9360
1978/10/01,2100/01/01,585,43.5,-109.75,9370
1978/10/01,2100/01/01,309,44.8,-107.84,9380
2008/10/01,2100/01/01,1122,40.58,-105.63,9380
1978/10/01,2100/01/01,378,39.88,-107.6,9400
1985/10/01,2100/01/01,409,38.42,-108.38,9400
1979/10/01,2100/01/01,468,43.01,-109.76,9400
1979/10/01,2100/01/01,683,44.73,-109.91,9400
1985/10/01,2100/01/01,709,40.37,-106.74,9400
1979/10/01,2100/01/01,802,39.72,-106.16,9400
1985/10/01,2100/01/01,839,37.72,-107.26,9400
1979/10/01,2100/01/01,544,42.3,-110.68,9425
1978/10/01,2100/01/01,371,39.13,-111.44,9430
1979/10/01,2100/01/01,348,38.68,-111.6,9462
1978/10/01,2100/01/01,703,44.16,-107.13,9480
2002/10/01,2100/01/01,1040,39.6,-106.54,9480
1979/10/01,2100/01/01,322,40.31,-105.64,9500
1979/10/01,2100/01/01,618,39.13,-107.29,9500
1979/10/01,2100/01/01,708,35.92,-106.39,9500
1978/10/01,2100/01/01,643,40.61,-109.89,9510
1978/10/01,2100/01/01,833,40.74,-109.67,9518
1984/10/01,2100/01/01,521,40.95,-110.48,9519
2001/09/19,2100/01/01,926,43.73,-113.83,9520
1978/10/01,2100/01/01,869,40.35,-106.09,9540
1979/10/01,2100/01/01,560,43.86,-109.32,9550
1979/10/01,2100/01/01,572,38.48,-109.27,9560
2002/12/13,2100/01/01,1042,40.2,-105.6,9560
2003/10/01,2100/01/01,1046,41.24,-106.23,9574
1979/10/01,2100/01/01,390,37.66,-112.74,9580
1978/10/01,2100/01/01,751,44.5,-107.43,9580
1979/10/01,2100/01/01,822,43.75,-110.06,9580
1979/10/01,2100/01/01,556,39.32,-106.61,9600
1979/10/01,2100/01/01,589,37.89,-108.2,9600
1979/10/01,2100/01/01,680,38.82,-106.59,9600
1978/10/01,2100/01/01,691,39.01,-111.58,9600
1983/10/01,2100/01/01,405,43.28,-109.45,9630
1988/10/01,2100/01/01,766,40.56,-111.66,9640
1978/10/01,2100/01/01,865,37.84,-111.88,9640
1995/10/01,2100/01/01,914,37.85,-105.44,9649
1978/10/01,2100/01/01,305,39.92,-105.76,9680
1979/10/01,2100/01/01,475,38.77,-111.68,9682
1978/10/01,2100/01/01,564,39.94,-105.59,9700
1979/10/01,2100/01/01,718,40.88,-106.05,9700
1985/10/01,2100/01/01,827,40,-107.24,9700
1997/08/14,2100/01/01,923,42.59,-108.9,9700
2011/11/22,2100/01/01,1192,40.84,-110.66,9700
1997/09/13,2100/01/01,927,35.34,-111.65,9730
2007/09/20,2100/01/01,1099,38.07,-112.17,9749
1979/10/01,2100/01/01,350,44.38,-109.79,9780
1985/10/01,2100/01/01,452,38.21,-111.48,9800
1979/10/01,2100/01/01,491,36.19,-105.56,9800
1979/10/01,2100/01/01,538,37.93,-107.68,9800
1979/10/01,2100/01/01,626,37.57,-112.84,9800
1998/09/03,2100/01/01,944,43.38,-109.88,9820
2009/08/07,2100/01/01,1119,41.06,-106.71,9820
1978/10/01,2100/01/01,364,38.51,-112.02,9828
1988/10/01,2100/01/01,675,39.09,-107.63,9840
1978/10/01,2100/01/01,715,36.7,-105.34,9850
1979/10/01,2100/01/01,402,44.4,-107.06,9860
1980/10/01,2100/01/01,663,40.04,-105.54,9910
1978/10/01,2100/01/01,742,39.31,-111.43,9910
1978/10/01,2100/01/01,682,39.05,-107.87,9960
2011/08/23,2100/01/01,1154,37.68,-112.86,9972
2008/10/16,2100/01/01,1123,40.51,-105.77,9980
1978/10/01,2100/01/01,828,40.68,-110.95,9992
1979/10/01,2100/01/01,303,37.33,-105.07,10000
1985/10/01,2100/01/01,465,37.79,-108.02,10000
1978/10/01,2100/01/01,532,36.72,-106.26,10000
1985/10/01,2100/01/01,622,39.06,-108.06,10000
1978/10/01,2100/01/01,673,41.15,-106.97,10000
1994/08/30,2100/01/01,905,37.43,-108.17,10000
2004/09/10,2100/01/01,1059,38.16,-106.6,10020
1979/10/01,2100/01/01,431,37.02,-106.45,10040
1978/10/01,2100/01/01,629,37.85,-107.73,10040
2000/06/26,2100/01/01,983,37.97,-111.83,10049
1979/10/01,2100/01/01,731,41.46,-106.28,10050
1978/10/01,2100/01/01,525,42.87,-109.09,10100
2010/08/09,2100/01/01,1169,36.79,-105.24,10100
2007/09/07,2100/01/01,1101,39.26,-106.63,10110
1978/10/01,2100/01/01,551,40.53,-105.89,10120
1978/10/01,2100/01/01,668,41.33,-106.38,10130
2010/07/26,2100/01/01,1147,39.01,-114.31,10147
1979/10/01,2100/01/01,380,38.89,-106.95,10160
1998/08/10,2100/01/01,934,36.47,-105.19,10180
1979/10/01,2100/01/01,586,37.8,-107.92,10200
1978/10/01,2100/01/01,790,40.91,-110.5,10200
1978/10/01,2100/01/01,840,37.49,-106.84,10200
1978/10/01,2100/01/01,438,40.81,-105.77,10220
1979/10/01,2100/01/01,857,37.21,-105.12,10220
2009/09/15,2100/01/01,1117,40.84,-110.01,10223
1979/10/01,2100/01/01,367,41.36,-106.23,10240
2002/09/09,2100/01/01,1031,40.4,-105.96,10280
2002/10/01,2100/01/01,1034,33.4,-105.79,10280
1978/10/01,2100/01/01,838,40.03,-105.58,10300
1978/10/01,2100/01/01,842,39.62,-106.38,10300
1985/10/01,2100/01/01,717,40.11,-107.29,10340
1978/10/01,2100/01/01,339,38.3,-112.36,10349
1998/08/10,2100/01/01,939,39.03,-106.08,10360
1991/10/01,2100/01/01,547,39.29,-106.55,10400
1999/09/30,2100/01/01,970,39.76,-105.91,10400
1978/10/01,2100/01/01,566,40.6,-110.43,10415
1978/10/01,2100/01/01,430,37.21,-105.2,10500
1985/10/01,2100/01/01,632,37.75,-107.69,10500
1978/10/01,2100/01/01,825,40.54,-106.68,10500
2011/07/27,2100/01/01,1152,39.16,-114.61,10510
2009/08/07,2100/01/01,1120,39.86,-106.42,10520
2007/08/30,2100/01/01,1100,38.7,-106.37,10540
1978/10/01,2100/01/01,415,39.49,-106.17,10550
1979/10/01,2100/01/01,396,40.77,-110.01,10592
1978/10/01,2100/01/01,368,40.58,-110.59,10600
1979/10/01,2100/01/01,369,39.09,-106.54,10600
1979/10/01,2100/01/01,542,39.08,-106.61,10600
1978/10/01,2100/01/01,665,36.99,-105.26,10600
1998/08/10,2100/01/01,936,39.66,-105.59,10600
1998/08/10,2100/01/01,937,39.44,-105.91,10600
2009/08/26,2100/01/01,1141,38.99,-106.75,10640
2000/08/16,2100/01/01,1005,37.61,-105.37,10650
1985/10/01,2100/01/01,780,37.7,-107.78,10660
1978/10/01,2100/01/01,565,40.41,-105.82,10700
1984/10/01,2100/01/01,737,39.02,-107.05,10700
1979/10/01,2100/01/01,870,40.43,-105.73,10700
2004/10/01,2100/01/01,1060,37.5,-108.11,10720
2007/08/28,2100/01/01,1102,38.29,-105.85,10720
2010/10/01,2100/01/01,1160,37.52,-107.32,10740
1978/10/01,2100/01/01,701,38.49,-106.34,10760
1994/08/30,2100/01/01,904,37.44,-108.02,10785
1990/10/01,2100/01/01,773,37.97,-105.54,10800
1988/10/01,2100/01/01,829,37.35,-105.23,10860
1985/10/01,2100/01/01,345,39.76,-107.36,10880
1985/10/01,2100/01/01,843,37.49,-107.51,10880
1979/10/01,2100/01/01,481,40.72,-110.47,10940
1998/08/10,2100/01/01,935,39.57,-105.8,10960
2002/08/14,2100/01/01,1030,40.35,-106.38,10960
1978/10/01,2100/01/01,567,40.74,-110.62,10966
1979/10/01,2100/01/01,580,37.38,-106.55,11000
1985/10/01,2100/01/01,874,37.48,-106.8,11000
2010/08/09,2100/01/01,1168,36.58,-105.46,11057
1979/10/01,2100/01/01,505,39.65,-105.87,11100
1988/10/01,2100/01/01,854,35.78,-105.54,11120
2008/10/01,2100/01/01,1124,37.97,-106.56,11140
1998/08/10,2100/01/01,938,39.3,-106.11,11150
1980/10/01,2100/01/01,713,37.89,-107.71,11200
1985/10/01,2100/01/01,797,37.48,-107.63,11200
1979/10/01,2100/01/01,624,37.62,-107.03,11250
1978/10/01,2100/01/01,335,39.8,-105.78,11300
1979/10/01,2100/01/01,485,39.38,-106.2,11400
1979/10/01,2100/01/01,531,39.36,-106.06,11400
1991/10/01,2100/01/01,602,39.67,-105.9,11400
1979/10/01,2100/01/01,762,37.99,-107.2,11440
1996/10/01,2100/01/01,922,35.77,-105.78,11445
2004/08/02,2100/01/01,1057,38.88,-105.07,11460
2008/10/01,2100/01/01,1128,38.29,-106.37,11530
1979/10/01,2100/01/01,327,37.71,-107.51,11600
2004/09/10,2100/01/01,1058,37.47,-106.54,11620
